TIMESLOT,Actual,Predicted
2018-12-04 19:00:00,3163.02,2702.0677753666378
2018-12-04 20:00:00,2958.57,2287.644148571218
2018-12-04 21:00:00,2604.44,2387.3744018047437
2018-12-04 22:00:00,2344.88,2128.9272450870017
2018-12-04 23:00:00,2046.73,2083.445097236351
2018-12-05 00:00:00,1754.81,1954.992760626985
2018-12-05 01:00:00,1570.04,1803.0296387731873
2018-12-05 02:00:00,1485.25,1753.7873601662031
2018-12-05 03:00:00,1455.11,1731.9473638349625
2018-12-05 04:00:00,1481.84,1871.3160439466901
2018-12-05 05:00:00,1679.56,1988.5298305421968
2018-12-05 06:00:00,2373.25,2253.027409920719
2018-12-05 07:00:00,3107.21,2637.831128134299
2018-12-05 08:00:00,3264.13,2581.0074138175146
2018-12-05 09:00:00,3302.03,2831.375603757547
2018-12-05 10:00:00,3419.47,3186.087701166181
2018-12-05 11:00:00,3438.06,3280.8241824997076
2018-12-05 12:00:00,3300.63,3204.2711928270473
2018-12-05 13:00:00,3087.19,3179.921004016177
2018-12-05 14:00:00,2952.41,3011.0678678927607
2018-12-05 15:00:00,2938.98,3035.6655108127547
2018-12-05 16:00:00,2855.81,3204.518646936171
2018-12-05 17:00:00,2985.32,3284.6615000972743
2018-12-05 18:00:00,3253.88,2836.451253774713
2018-12-05 19:00:00,3208.13,2633.778314579257
2018-12-05 20:00:00,2990.86,2276.2498023536286
2018-12-05 21:00:00,2647.63,2158.001949663
2018-12-05 22:00:00,2392.32,2094.8256494495226
2018-12-05 23:00:00,2110.29,2072.0507510187617
2018-12-06 00:00:00,1785.9,1943.5984144093957
2018-12-06 01:00:00,1624.57,1791.635292555598
2018-12-06 02:00:00,1537.31,1742.3930139486138
2018-12-06 03:00:00,1496.58,1720.5530176173731
2018-12-06 04:00:00,1481.62,1901.4016875651778
2018-12-06 05:00:00,1654.73,2018.6154741606847
2018-12-06 06:00:00,2327.03,2241.788976202969
2018-12-06 07:00:00,3037.73,2637.831128134299
2018-12-06 08:00:00,3159.04,2581.0074138175146
2018-12-06 09:00:00,3260.73,2661.100594631145
2018-12-06 10:00:00,3451.22,3215.5533700938454
2018-12-06 11:00:00,3520.87,3301.368008432291
2018-12-06 12:00:00,2423.27,3229.6932783902594
2018-12-06 13:00:00,2156.84,3186.3614431058845
2018-12-06 14:00:00,2971.23,3205.343089579389
2018-12-06 15:00:00,2984.0,3080.0692428494713
2018-12-06 16:00:00,2877.6,3229.940732499383
2018-12-06 17:00:00,3062.86,3310.0835856604863
2018-12-06 18:00:00,3221.08,2861.8733393379252
2018-12-06 19:00:00,3183.18,2793.6992611816045
2018-12-06 20:00:00,2970.36,2301.6718879168407
2018-12-06 21:00:00,2603.23,2401.4021411503663
2018-12-06 22:00:00,2343.58,2120.2477350127347
2018-12-06 23:00:00,2091.92,2097.4728365819738
2018-12-07 00:00:00,1739.44,1969.020499972607
2018-12-07 01:00:00,1579.63,1817.057378118809
2018-12-07 02:00:00,1481.55,1767.8150995118249
2018-12-07 03:00:00,1446.85,1745.9751031805843
2018-12-07 04:00:00,1428.12,1885.3437832923123
2018-12-07 05:00:00,1632.93,2044.0375597238963
2018-12-07 06:00:00,2403.53,2267.211061766181
2018-12-07 07:00:00,3206.48,2663.253213697511
2018-12-07 08:00:00,3329.59,2606.4294993807266
2018-12-07 09:00:00,3333.77,2669.534246930844
2018-12-07 10:00:00,3594.0,3110.7044122877437
2018-12-07 11:00:00,3542.34,3306.2462680629196
2018-12-07 12:00:00,3412.79,3308.3334956136555
2018-12-07 13:00:00,3138.28,3205.343089579389
2018-12-07 14:00:00,2967.54,3205.343089579389
2018-12-07 15:00:00,2947.29,3229.940732499383
2018-12-07 16:00:00,2878.98,3229.940732499383
2018-12-07 17:00:00,2991.21,3308.580949722779
2018-12-07 18:00:00,3342.89,3079.85144526208
2018-12-07 19:00:00,3230.02,2716.0955147122604
2018-12-07 20:00:00,3065.68,2301.6718879168407
2018-12-07 21:00:00,2646.39,2175.785040382763
2018-12-07 22:00:00,2428.58,2089.901490749396
2018-12-07 23:00:00,2131.19,2067.126592318635
2018-12-08 00:00:00,1776.86,1930.9390182552802
2018-12-08 01:00:00,1659.77,1786.7111338554707
2018-12-08 02:00:00,1573.62,1736.3328339452034
2018-12-08 03:00:00,1501.96,1728.8036829016091
2018-12-08 04:00:00,1517.26,1860.5304055568458
2018-12-08 05:00:00,1668.05,1965.4366914906177
2018-12-08 06:00:00,2214.34,2215.177533137926
2018-12-08 07:00:00,2651.53,2569.7396952331787
2018-12-08 08:00:00,3183.55,2554.3959707524714
2018-12-08 09:00:00,3315.59,2610.457719034787
2018-12-08 10:00:00,3538.12,2887.8414179015876
2018-12-08 11:00:00,3454.75,3169.3421243610146
2018-12-08 12:00:00,3307.85,3063.586129337539
2018-12-08 13:00:00,2966.58,3055.33919066925
2018-12-08 14:00:00,2746.39,3039.235940526669
2018-12-08 15:00:00,2680.76,3052.587174427147
2018-12-08 16:00:00,2642.77,3063.833583446663
2018-12-08 17:00:00,2730.24,3143.976436607766
2018-12-08 18:00:00,3142.15,2618.162443815861
2018-12-08 19:00:00,3099.25,2528.312399048803
2018-12-08 20:00:00,2914.82,2170.7838868231747
2018-12-08 21:00:00,2618.28,2305.986761360353
2018-12-08 22:00:00,2355.74,2287.7678651287624
2018-12-08 23:00:00,2051.94,2047.0148607738479
2018-12-09 00:00:00,1755.09,1941.26977358437
2018-12-09 01:00:00,1564.11,1802.1892253548779
2018-12-09 02:00:00,1488.47,1752.946946747893
2018-12-09 03:00:00,1427.57,1748.806031853293
2018-12-09 04:00:00,1423.74,1804.556847793451
2018-12-09 05:00:00,1559.54,1862.428497267623
2018-12-09 06:00:00,1903.72,2023.3232052368394
2018-12-09 07:00:00,2393.44,2375.687090176391
2018-12-09 08:00:00,2931.96,2360.3433656956836
2018-12-09 09:00:00,3169.85,2416.405113977999
2018-12-09 10:00:00,3466.94,2883.6245169034078
2018-12-09 11:00:00,3507.56,2965.0323872469357
2018-12-09 12:00:00,3370.54,2834.701372213946
2018-12-09 13:00:00,3078.04,2810.3511834030755
2018-12-09 14:00:00,2808.72,2810.3511834030755
2018-12-09 15:00:00,2671.06,2699.950519809487
2018-12-09 16:00:00,2557.12,2846.1952353425854
2018-12-09 17:00:00,2619.39,2926.3380885036886
2018-12-09 18:00:00,2997.53,2400.5240957117835
2018-12-09 19:00:00,2940.02,2311.976549091767
2018-12-09 20:00:00,2740.41,2059.2819756315835
2018-12-09 21:00:00,2530.38,2193.359843962517
2018-12-09 22:00:00,2281.76,1977.1512825400741
2018-12-09 23:00:00,1980.6,1997.738200009024
2018-12-10 00:00:00,1713.06,1869.2858633996561
2018-12-10 01:00:00,1535.14,1725.0579789998474
2018-12-10 02:00:00,1456.07,1675.8157003928625
2018-12-10 03:00:00,1402.23,1688.5526198701264
2018-12-10 04:00:00,1464.17,1827.9212999818537
2018-12-10 05:00:00,1615.89,1986.6150764134375
2018-12-10 06:00:00,2425.91,2209.788578455722
2018-12-10 07:00:00,3029.97,2611.683689793411
2018-12-10 08:00:00,3308.33,2554.8599754766265
2018-12-10 09:00:00,3347.4,2617.9647230267437
2018-12-10 10:00:00,3455.92,3194.2651579231187
2018-12-10 11:00:00,3433.13,3275.6730282666467
2018-12-10 12:00:00,3283.37,3199.1200385939865
2018-12-10 13:00:00,3019.07,3174.769849783116
2018-12-10 14:00:00,2849.26,3174.769849783116
2018-12-10 15:00:00,2827.98,3215.889987872964
2018-12-10 16:00:00,2793.89,3296.0558463148636
2018-12-10 17:00:00,2834.65,3100.7849898105987
2018-12-10 18:00:00,3247.41,2847.8455999923026
2018-12-10 19:00:00,3209.28,2703.570411304345
2018-12-10 20:00:00,2926.13,2287.644148571218
2018-12-10 21:00:00,2747.34,2169.396295880589
2018-12-10 22:00:00,2457.99,2106.219995667112
2018-12-10 23:00:00,2218.64,2083.445097236351
2018-12-11 00:00:00,1822.77,1954.992760626985
2018-12-11 01:00:00,1609.9,1803.0296387731873
2018-12-11 02:00:00,1506.28,1753.7873601662031
2018-12-11 03:00:00,1446.16,1731.9473638349625
2018-12-11 04:00:00,1429.89,1871.3160439466901
2018-12-11 05:00:00,1665.11,1988.5298305421968
2018-12-11 06:00:00,2332.1,2253.1833224205584
2018-12-11 07:00:00,3084.41,2649.2254743518884
2018-12-11 08:00:00,3359.24,2592.401760035104
2018-12-11 09:00:00,3337.47,2655.5065075852212
2018-12-11 10:00:00,3570.03,2810.125768877956
2018-12-11 11:00:00,3540.41,3178.590759192837
2018-12-11 12:00:00,3379.54,3284.957449980319
2018-12-11 13:00:00,3068.83,3269.932562176366
2018-12-11 14:00:00,2916.43,3271.4582033948695
2018-12-11 15:00:00,2891.83,3296.0558463148636
2018-12-11 16:00:00,2888.2,3296.0558463148636
2018-12-11 17:00:00,2895.13,3055.347077489111
2018-12-11 18:00:00,3319.84,2770.2418535229585
2018-12-11 19:00:00,3261.11,2703.570411304345
2018-12-11 20:00:00,2982.88,2287.644148571218
2018-12-11 21:00:00,2680.78,2192.103545300479
2018-12-11 22:00:00,2438.68,2128.9272450870017
2018-12-11 23:00:00,2118.99,2083.445097236351
2018-12-12 00:00:00,1816.26,1954.992760626985
2018-12-12 01:00:00,1630.73,1803.0296387731873
2018-12-12 02:00:00,1509.15,1753.7873601662031
2018-12-12 03:00:00,1483.86,1731.9473638349625
2018-12-12 04:00:00,1487.99,1871.3160439466901
2018-12-12 05:00:00,1661.79,1988.5298305421968
2018-12-12 06:00:00,2341.51,2253.027409920719
2018-12-12 07:00:00,3147.88,2596.351138298222
2018-12-12 08:00:00,3218.39,2581.0074138175146
2018-12-12 09:00:00,3373.58,2644.112161367632
2018-12-12 10:00:00,3606.85,2798.7314226603667
2018-12-12 11:00:00,3555.64,3263.531740759812
2018-12-12 12:00:00,3355.46,3273.5631037627295
2018-12-12 13:00:00,3101.04,3260.06385717728
2018-12-12 14:00:00,2928.01,3260.06385717728
2018-12-12 15:00:00,2942.04,3284.6615000972743
2018-12-12 16:00:00,2845.28,3284.6615000972743
2018-12-12 17:00:00,2970.79,3043.9527312715218
2018-12-12 18:00:00,3265.63,2758.847507305369
2018-12-12 19:00:00,3199.48,2633.778314579257
2018-12-12 20:00:00,3097.81,2276.2498023536286
2018-12-12 21:00:00,2676.94,2158.001949663
2018-12-12 22:00:00,2412.19,2094.8256494495226
2018-12-12 23:00:00,2139.75,2072.0507510187617
2018-12-13 00:00:00,1831.82,1943.5984144093957
2018-12-13 01:00:00,1657.05,1791.635292555598
2018-12-13 02:00:00,1549.66,1742.3930139486138
2018-12-13 03:00:00,1489.08,1720.5530176173731
2018-12-13 04:00:00,1502.49,1859.9216977291007
2018-12-13 05:00:00,1661.68,1977.1354843246081
2018-12-13 06:00:00,2310.84,2241.788976202969
2018-12-13 07:00:00,3053.31,2596.351138298222
2018-12-13 08:00:00,3314.94,2581.0074138175146
2018-12-13 09:00:00,3349.88,2661.100594631145
2018-12-13 10:00:00,3607.25,2789.3627061385823
2018-12-13 11:00:00,3555.0,3192.1122826312717
2018-12-13 12:00:00,3358.2,3253.547277004454
2018-12-13 13:00:00,3053.48,3283.9603015219886
2018-12-13 14:00:00,2945.09,3285.485942740492
2018-12-13 15:00:00,2916.57,3310.0835856604863
2018-12-13 16:00:00,2889.4,3310.0835856604863
2018-12-13 17:00:00,3019.74,2991.7710703653897
2018-12-13 18:00:00,3312.82,2749.478790783585
2018-12-13 19:00:00,3288.24,2463.929543638204
2018-12-13 20:00:00,3117.83,2301.6718879168407
2018-12-13 21:00:00,2684.22,2183.424035226212
2018-12-13 22:00:00,2472.62,2120.2477350127347
2018-12-13 23:00:00,2152.38,2097.4728365819738
2018-12-14 00:00:00,1833.26,1969.020499972607
2018-12-14 01:00:00,1662.39,1817.057378118809
2018-12-14 02:00:00,1550.17,1767.8150995118249
2018-12-14 03:00:00,1488.49,1745.9751031805843
2018-12-14 04:00:00,1495.18,1885.3437832923123
2018-12-14 05:00:00,1680.43,2044.0375597238963
2018-12-14 06:00:00,2371.21,2308.691051602258
2018-12-14 07:00:00,3184.17,2663.253213697511
2018-12-14 08:00:00,3455.59,2606.4294993807266
2018-12-14 09:00:00,3503.68,2669.534246930844
2018-12-14 10:00:00,3707.56,2789.3627061385823
2018-12-14 11:00:00,3637.27,3192.61849853846
2018-12-14 12:00:00,3526.28,3303.455235983027
2018-12-14 13:00:00,3155.63,3283.9603015219886
2018-12-14 14:00:00,2906.17,3283.983306802785
2018-12-14 15:00:00,2892.68,3308.580949722779
2018-12-14 16:00:00,2829.42,3308.580949722779
2018-12-14 17:00:00,2919.72,3264.6456733389987
2018-12-14 18:00:00,3345.52,2772.1860402034745
2018-12-14 19:00:00,3297.21,2659.200400142469
2018-12-14 20:00:00,3079.17,2301.6718879168407
2018-12-14 21:00:00,2725.9,2153.077790962873
2018-12-14 22:00:00,2520.44,2089.901490749396
2018-12-14 23:00:00,2174.93,2067.126592318635
2018-12-15 00:00:00,1841.17,1930.9390182552802
2018-12-15 01:00:00,1661.17,1786.7111338554707
2018-12-15 02:00:00,1545.2,1736.3328339452034
2018-12-15 03:00:00,1484.86,1728.8036829016091
2018-12-15 04:00:00,1502.14,1860.5304055568458
2018-12-15 05:00:00,1672.32,1965.4366914906177
2018-12-15 06:00:00,2206.67,2215.177533137926
2018-12-15 07:00:00,2925.85,2569.7396952331787
2018-12-15 08:00:00,3298.11,2554.3959707524714
2018-12-15 09:00:00,3385.83,2610.457719034787
2018-12-15 10:00:00,3636.5,2665.787173426676
2018-12-15 11:00:00,3544.71,2969.2492882451156
2018-12-15 12:00:00,3353.53,3087.4401279517338
2018-12-15 13:00:00,3018.71,3119.378793687772
2018-12-15 14:00:00,2856.84,3117.8531524692685
2018-12-15 15:00:00,2794.47,3142.473800670059
2018-12-15 16:00:00,2753.02,3142.4507953892626
2018-12-15 17:00:00,2741.1,3143.976436607766
2018-12-15 18:00:00,3111.62,2801.349747655019
2018-12-15 19:00:00,3051.27,2528.312399048803
2018-12-15 20:00:00,2869.84,2170.7838868231747
2018-12-15 21:00:00,2601.48,2305.986761360353
2018-12-15 22:00:00,2358.48,2287.7678651287624
2018-12-15 23:00:00,2025.97,2047.0148607738479
2018-12-16 00:00:00,1728.54,1941.26977358437
2018-12-16 01:00:00,1539.65,1802.1892253548779
2018-12-16 02:00:00,1435.21,1752.946946747893
2018-12-16 03:00:00,1385.15,1748.806031853293
2018-12-16 04:00:00,1388.12,1804.556847793451
2018-12-16 05:00:00,1494.55,1862.428497267623
2018-12-16 06:00:00,1862.44,2023.3232052368394
2018-12-16 07:00:00,2301.35,2375.687090176391
2018-12-16 08:00:00,2919.07,2360.3433656956836
2018-12-16 09:00:00,3191.97,2416.405113977999
2018-12-16 10:00:00,3659.84,2634.9060518053257
2018-12-16 11:00:00,3696.31,2751.10472423385
2018-12-16 12:00:00,3557.06,2869.8017798476562
2018-12-16 13:00:00,3187.28,2900.214804365191
2018-12-16 14:00:00,2885.96,2888.9914006264717
2018-12-16 15:00:00,2669.02,2834.9488263230696
2018-12-16 16:00:00,2589.02,2924.8354525659815
2018-12-16 17:00:00,2618.79,2926.3380885036886
2018-12-16 18:00:00,2978.38,2388.440543046677
2018-12-16 19:00:00,2976.91,2311.976549091767
2018-12-16 20:00:00,2817.79,2059.2819756315835
2018-12-16 21:00:00,2600.6,2193.359843962517
2018-12-16 22:00:00,2397.86,2172.4221390443367
2018-12-16 23:00:00,2050.04,1997.738200009024
2018-12-17 00:00:00,1732.25,1869.2858633996561
2018-12-17 01:00:00,1540.32,1725.0579789998474
2018-12-17 02:00:00,1454.0,1717.2956902289397
2018-12-17 03:00:00,1413.96,1730.0326097062036
2018-12-17 04:00:00,1440.76,1869.4012898179308
2018-12-17 05:00:00,1637.58,1986.6150764134375
2018-12-17 06:00:00,2395.86,2251.268568291799
2018-12-17 07:00:00,3234.31,2611.683689793411
2018-12-17 08:00:00,3466.67,2596.3399653127035
2018-12-17 09:00:00,3495.32,2617.9647230267437
2018-12-17 10:00:00,3718.27,2954.0603228465743
2018-12-17 11:00:00,3655.09,3034.796457486402
2018-12-17 12:00:00,3425.58,3277.7602558173826
2018-12-17 13:00:00,3140.48,3253.4100670065122
2018-12-17 14:00:00,2944.16,3253.4100670065122
2018-12-17 15:00:00,2897.28,3294.5532103771566
2018-12-17 16:00:00,2832.12,3272.277213449674
2018-12-17 17:00:00,2954.82,3249.0922927748725
2018-12-17 18:00:00,3322.77,2951.9265214244097
2018-12-17 19:00:00,3265.58,2645.1726607968462
2018-12-17 20:00:00,3073.36,2287.644148571218
2018-12-17 21:00:00,2802.47,2387.3744018047437
2018-12-17 22:00:00,2575.99,2324.1981015912665
2018-12-17 23:00:00,2178.95,2124.925087072428
2018-12-18 00:00:00,1817.07,1954.992760626985
2018-12-18 01:00:00,1614.95,1844.5096286092642
2018-12-18 02:00:00,1520.64,1795.2673500022797
2018-12-18 03:00:00,1468.1,1773.4273536710398
2018-12-18 04:00:00,1478.5,1912.7960337827672
2018-12-18 05:00:00,1677.81,2030.009820378274
2018-12-18 06:00:00,2403.43,2294.6633122566354
2018-12-18 07:00:00,3288.37,2649.2254743518884
2018-12-18 08:00:00,3535.38,2633.881749871181
2018-12-18 09:00:00,3572.22,2655.5065075852212
2018-12-18 10:00:00,3757.82,2970.6058232972246
2018-12-18 11:00:00,3675.47,3096.089523351295
2018-12-18 12:00:00,3513.87,3294.305756268033
2018-12-18 13:00:00,3197.13,3269.9555674571625
2018-12-18 14:00:00,2978.03,3269.9555674571625
2018-12-18 15:00:00,2980.33,3294.5532103771566
2018-12-18 16:00:00,2927.85,3294.5532103771566
2018-12-18 17:00:00,3030.2,3249.115298055669
2018-12-18 18:00:00,3390.69,2758.158300857852
2018-12-18 19:00:00,3355.83,2643.6470195783427
2018-12-18 20:00:00,3171.02,2287.644148571218
2018-12-18 21:00:00,2783.21,2387.3744018047437
2018-12-18 22:00:00,2566.37,2324.1981015912665
2018-12-18 23:00:00,2182.97,2124.925087072428
2018-12-19 00:00:00,1829.46,2172.9708665511375
2018-12-19 01:00:00,1626.4,1844.5096286092642
2018-12-19 02:00:00,1534.39,1795.2673500022797
2018-12-19 03:00:00,1485.64,1773.4273536710398
2018-12-19 04:00:00,1469.16,1912.7960337827672
2018-12-19 05:00:00,1663.04,2030.009820378274
2018-12-19 06:00:00,2369.19,2294.507399756796
2018-12-19 07:00:00,3153.83,2637.831128134299
2018-12-19 08:00:00,3447.94,2622.4874036535916
2018-12-19 09:00:00,3351.3,2644.112161367632
2018-12-19 10:00:00,3695.96,2950.6978470580975
2018-12-19 11:00:00,3609.86,3179.610595084515
2018-12-19 12:00:00,3444.49,3282.9114100504435
2018-12-19 13:00:00,3150.91,3258.561221239573
2018-12-19 14:00:00,2906.64,3258.561221239573
2018-12-19 15:00:00,3091.79,3264.1772176860627
2018-12-19 16:00:00,3028.47,3283.158864159567
2018-12-19 17:00:00,3094.16,3237.697946557283
2018-12-19 18:00:00,3421.83,2746.7639546402625
2018-12-19 19:00:00,3331.18,2632.2526733607533
2018-12-19 20:00:00,3177.34,2276.2498023536286
2018-12-19 21:00:00,2889.84,2375.9800555871543
2018-12-19 22:00:00,2632.82,2312.803755373677
2018-12-19 23:00:00,2220.58,2113.5307408548388
2018-12-20 00:00:00,1841.03,1985.078404245472
2018-12-20 01:00:00,1656.86,1833.1152823916748
2018-12-20 02:00:00,1553.99,1783.8730037846904
2018-12-20 03:00:00,1490.87,1762.0330074534504
2018-12-20 04:00:00,1497.0,1901.4016875651778
2018-12-20 05:00:00,1701.06,2018.6154741606847
2018-12-20 06:00:00,2450.28,2283.268966039046
2018-12-20 07:00:00,3283.85,2637.831128134299
2018-12-20 08:00:00,3588.18,2622.4874036535916
2018-12-20 09:00:00,3618.89,2702.5805844672223
2018-12-20 10:00:00,3804.76,2976.1199326213095
2018-12-20 11:00:00,3672.92,3306.2462680629196
2018-12-20 12:00:00,3591.63,3308.3334956136555
2018-12-20 13:00:00,3225.39,3261.7073098753026
2018-12-20 14:00:00,3033.5,3292.3513194913776
2018-12-20 15:00:00,2997.14,3286.304952795297
2018-12-20 16:00:00,2943.64,3289.5993032492747
2018-12-20 17:00:00,3087.66,3263.120032120495
2018-12-20 18:00:00,3436.99,2965.9542607700323
2018-12-20 19:00:00,3451.9,2657.697764204762
2018-12-20 20:00:00,3236.0,2301.6718879168407
2018-12-20 21:00:00,2931.3,2401.4021411503663
2018-12-20 22:00:00,2618.48,2338.225840936889
2018-12-21 00:00:00,1860.95,2021.1807655018333
2018-12-21 01:00:00,1671.99,1825.2808474912686
2018-12-21 02:00:00,1564.81,1706.3509575517128
2018-12-21 03:00:00,1516.66,1464.36487179151
2018-12-21 04:00:00,1517.94,1526.527921713069
2018-12-21 05:00:00,1720.35,1526.527921713069
2018-12-21 06:00:00,2497.79,1904.896642105756
2018-12-21 07:00:00,3412.58,2464.1072044473703
2018-12-21 08:00:00,3746.24,2711.8251207850417
2018-12-21 09:00:00,3816.54,2602.3348699620287
2018-12-21 10:00:00,4031.31,2970.8104533065725
2018-12-21 11:00:00,3964.63,3015.77778638728
2018-12-21 12:00:00,3714.62,3098.075898663188
2018-12-21 13:00:00,3360.9,2919.406966833436
2018-12-21 14:00:00,3119.32,2970.1395576900914
2018-12-21 15:00:00,3048.05,2840.0363297419344
2018-12-21 16:00:00,2986.47,2914.5694691749
2018-12-21 17:00:00,3096.53,2773.783011264443
2018-12-21 18:00:00,3442.8,2591.884647725419
2018-12-21 19:00:00,3455.88,2393.8859896684708
2018-12-21 20:00:00,3273.71,2321.1974487696853
2018-12-21 21:00:00,2922.82,2222.7304916800463
2018-12-21 22:00:00,2704.02,2123.9069280913736
2018-12-21 23:00:00,2303.08,2109.903346173075
2018-12-22 00:00:00,1915.84,1995.650518613117
2018-12-22 01:00:00,1708.29,1807.4858380565402
2018-12-22 02:00:00,1592.35,1645.9399369776252
2018-12-22 03:00:00,1522.83,1545.8223459455373
2018-12-22 04:00:00,1536.74,1641.8298983179438
2018-12-22 05:00:00,1727.64,1629.5223976562086
2018-12-22 06:00:00,2276.35,2008.4895155773047
2018-12-22 07:00:00,2994.37,2567.7000779189198
2018-12-22 08:00:00,3490.28,2815.417994256591
2018-12-22 09:00:00,3604.26,2698.8847441657763
2018-12-22 10:00:00,3745.53,3060.9858815557727
2018-12-22 11:00:00,3755.49,3077.3876542783914
2018-12-22 12:00:00,3504.65,3041.280854259077
2018-12-22 13:00:00,3198.85,2838.8272765763822
2018-12-22 14:00:00,2948.69,2961.210633127812
2018-12-22 15:00:00,2873.67,2653.314668906914
2018-12-22 16:00:00,2783.22,2742.4488758102775
2018-12-22 17:00:00,2930.78,2775.8534991401375
2018-12-22 18:00:00,3296.39,2593.9551356011134
2018-12-22 19:00:00,3288.96,2407.213723634852
2018-12-22 20:00:00,3069.6,2334.5251827360667
2018-12-22 21:00:00,2836.73,2362.014397283594
2018-12-22 22:00:00,2555.73,2319.06836327262
2018-12-22 23:00:00,2202.79,2197.5958840055223
2018-12-23 00:00:00,1845.02,2195.200263498048
2018-12-23 01:00:00,1649.47,1930.7681989331822
2018-12-23 02:00:00,1529.37,1811.8383089936272
2018-12-23 03:00:00,1448.03,1598.8603006956573
2018-12-23 04:00:00,1456.26,1613.1463199186016
2018-12-23 05:00:00,1597.6,1612.8649192015675
2018-12-23 06:00:00,1952.25,1994.6361744466715
2018-12-23 07:00:00,2487.44,2440.563312439062
2018-12-23 08:00:00,3167.24,2754.659461235389
2018-12-23 09:00:00,3518.41,2699.339856370208
2018-12-23 10:00:00,3851.33,3000.3545855024067
2018-12-23 11:00:00,3901.48,3025.1852471702564
2018-12-23 12:00:00,3778.36,3061.1475768188857
2018-12-23 13:00:00,3373.01,2966.0871783975313
2018-12-23 14:00:00,3064.17,2911.311181310689
2018-12-23 15:00:00,2833.56,2771.9354271419174
2018-12-23 16:00:00,2720.94,2771.9354271419174
2018-12-23 17:00:00,2777.22,2752.7228682972795
2018-12-23 18:00:00,3133.52,2570.8245047582554
2018-12-23 19:00:00,3178.8,2395.3620862664425
2018-12-23 20:00:00,2908.63,2333.124511549111
2018-12-23 21:00:00,2747.21,2260.961861138142
2018-12-23 22:00:00,2536.94,2138.189425558531
2018-12-23 23:00:00,2188.86,2072.1580940216136
2018-12-24 00:00:00,1828.28,2069.7624735141394
2018-12-24 01:00:00,1642.26,1777.4758233590674
2018-12-24 02:00:00,1562.16,1658.5459334195118
2018-12-24 03:00:00,1496.36,1438.5855286392034
2018-12-24 04:00:00,1512.91,1500.7485785607623
2018-12-24 05:00:00,1678.43,1500.7485785607623
2018-12-24 06:00:00,2294.03,1879.1172989534489
2018-12-24 07:00:00,3096.07,2444.180820701422
2018-12-24 08:00:00,3475.26,2691.8987370390932
2018-12-24 09:00:00,3530.38,2593.036403805501
2018-12-24 10:00:00,3946.51,2943.722697672801
2018-12-24 11:00:00,3962.73,2989.1747842465575
2018-12-24 12:00:00,3733.39,3100.038456880555
2018-12-24 13:00:00,3352.61,2972.102115907458
2018-12-24 14:00:00,3138.76,2944.0949397948807
2018-12-24 15:00:00,2989.67,2827.213076349896
2018-12-24 16:00:00,2937.67,2827.213076349896
2018-12-24 17:00:00,3135.27,2760.959757872404
2018-12-24 18:00:00,3485.13,2579.038389052584
2018-12-24 19:00:00,3351.11,2381.062736276432
2018-12-24 20:00:00,3241.1,2347.660832106724
2018-12-24 21:00:00,2931.53,2266.988884451813
2018-12-24 22:00:00,2691.19,2236.3475814828626
2018-12-24 23:00:00,2302.5,2104.2471846263443
2018-12-25 00:00:00,1947.09,2087.7430812929483
2018-12-25 01:00:00,1724.83,1797.0625531034987
2018-12-25 02:00:00,1622.85,1678.1326631639436
2018-12-25 03:00:00,1526.26,1447.6398045924013
2018-12-25 04:00:00,1566.69,1504.5084719811946
2018-12-25 05:00:00,1686.3,1506.8074251443052
2018-12-25 06:00:00,2040.02,1843.6177117948275
2018-12-25 07:00:00,2658.63,2402.8282741364415
2018-12-25 08:00:00,3333.9,2650.546190474113
2018-12-25 09:00:00,3619.75,2646.380125235273
2018-12-25 10:00:00,3927.33,3011.3698955055065
2018-12-25 11:00:00,3917.68,2933.4531515696317
2018-12-25 12:00:00,3708.89,3009.475780247482
2018-12-25 13:00:00,3283.5,2925.149284949855
2018-12-25 14:00:00,2924.41,2877.988809959783
2018-12-25 15:00:00,2789.69,2845.80165313915
2018-12-25 16:00:00,2667.11,2845.80165313915
2018-12-25 17:00:00,2762.4,2681.6322635341344
2018-12-25 18:00:00,3157.09,2485.085157683996
2018-12-25 19:00:00,3164.07,2309.891771510618
2018-12-25 20:00:00,3054.98,2257.67826402901
2018-12-25 21:00:00,2836.9,2202.9658473073937
2018-12-25 22:00:00,2599.86,2172.324544338443
2018-12-25 23:00:00,2195.77,2090.1387018004225
2018-12-26 00:00:00,1806.69,1997.7295945203743
2018-12-26 01:00:00,1592.16,1801.8296765098096
2018-12-26 02:00:00,1483.25,1682.8997865702536
2018-12-26 03:00:00,1432.48,1440.9137008100513
2018-12-26 04:00:00,1462.09,1503.0767507316102
2018-12-26 05:00:00,1640.88,1503.0767507316102
2018-12-26 06:00:00,2237.81,1897.7318301257094
2018-12-26 07:00:00,3178.49,2445.7039587495733
2018-12-26 08:00:00,3632.21,2693.4218750872446
2018-12-26 09:00:00,3750.78,2709.920958248934
2018-12-26 10:00:00,3900.55,2952.4072076087755
2018-12-26 11:00:00,3789.89,2988.9241893301128
2018-12-26 12:00:00,3488.84,3079.672652965391
2018-12-26 13:00:00,3165.61,2901.003721135639
2018-12-26 14:00:00,2917.81,2872.9965450230616
2018-12-26 15:00:00,2839.3,2714.239904782797
2018-12-26 16:00:00,2747.85,2821.6330840441374
2018-12-26 17:00:00,2783.63,2770.0285078777606
2018-12-26 18:00:00,3251.75,2573.481402027622
2018-12-26 19:00:00,3265.17,2390.1314862817885
2018-12-26 20:00:00,3135.71,2234.611942452166
2018-12-26 21:00:00,2956.04,2276.034629176373
2018-12-26 22:00:00,2691.46,2245.3933262074224
2018-12-26 23:00:00,2248.4,2109.2951099100064
2018-12-27 00:00:00,1846.7,2002.7775198040367
2018-12-27 01:00:00,1624.44,1806.877601793472
2018-12-27 02:00:00,1511.01,1687.9477118539162
2018-12-27 03:00:00,1458.13,1445.961626093714
2018-12-27 04:00:00,1461.83,1508.1246760152728
2018-12-27 05:00:00,1656.19,1508.1246760152728
2018-12-27 06:00:00,2312.47,1886.4933964079592
2018-12-27 07:00:00,3213.05,2445.7039587495733
2018-12-27 08:00:00,3624.41,2693.4218750872446
2018-12-27 09:00:00,3804.18,2585.3875876407924
2018-12-27 10:00:00,4056.66,2975.203959444152
2018-12-27 11:00:00,3973.91,3004.5046677690866
2018-12-27 12:00:00,3764.7,3074.6929669686297
2018-12-27 13:00:00,3408.44,2919.406966833436
2018-12-27 14:00:00,3190.97,2942.132381577514
2018-12-27 15:00:00,3205.08,2732.643150480594
2018-12-27 16:00:00,3146.2,2914.5694691749
2018-12-27 17:00:00,3238.38,2788.408748294761
2018-12-27 18:00:00,3601.73,2591.884647725419
2018-12-27 19:00:00,3617.03,2408.5347319795856
2018-12-27 20:00:00,3385.06,2321.1974487696853
2018-12-27 21:00:00,3059.15,2279.812137843852
2018-12-27 22:00:00,2829.39,2209.884198145824
2018-12-27 23:00:00,2397.67,2127.6983556078035
2018-12-28 00:00:00,2004.57,2021.1807655018333
2018-12-28 01:00:00,1745.19,1825.2808474912686
2018-12-28 02:00:00,1632.72,1706.3509575517128
2018-12-28 03:00:00,1572.35,1464.36487179151
2018-12-28 04:00:00,1602.65,1526.527921713069
2018-12-28 05:00:00,1761.28,1526.527921713069
2018-12-28 06:00:00,2359.79,1904.896642105756
2018-12-28 07:00:00,3326.45,2464.1072044473703
2018-12-28 08:00:00,3891.58,2711.8251207850417
2018-12-28 09:00:00,4075.44,2728.324203946731
2018-12-28 10:00:00,4396.91,3104.8072014056243
2018-12-28 11:00:00,4335.45,3016.262539880329
2018-12-28 12:00:00,4113.09,3122.2479528836975
2018-12-28 13:00:00,3709.73,3017.32303796096
2018-12-28 14:00:00,3377.41,3017.32303796096
2018-12-28 15:00:00,3283.62,2887.219810012803
2018-12-28 16:00:00,3218.24,2914.5694691749
2018-12-28 17:00:00,3317.2,2773.783011264443
2018-12-28 18:00:00,3620.73,2591.8616424446227
2018-12-28 19:00:00,3646.36,2360.4840854987624
2018-12-28 20:00:00,3560.53,2253.0151881499633
2018-12-28 21:00:00,3073.47,2222.7304916800463
2018-12-28 22:00:00,2888.89,2123.9069280913736
2018-12-28 23:00:00,2441.19,2109.903346173075
2018-12-29 00:00:00,2035.11,1995.650518613117
2018-12-29 01:00:00,1797.17,1807.4858380565402
2018-12-29 02:00:00,1663.81,1645.9399369776252
2018-12-29 03:00:00,1588.35,1545.8223459455373
2018-12-29 04:00:00,1595.45,1641.8298983179438
2018-12-29 05:00:00,1720.27,1629.5223976562086
2018-12-29 06:00:00,2181.44,2008.4895155773047
2018-12-29 07:00:00,2984.7,2567.7000779189198
2018-12-29 08:00:00,3736.12,2815.417994256591
2018-12-29 09:00:00,3909.74,2816.866664036129
2018-12-29 10:00:00,4157.95,3060.9858815557727
2018-12-29 11:00:00,4089.41,3082.26591390902
2018-12-29 12:00:00,3795.8,3088.4643345299455
2018-12-29 13:00:00,3397.66,2993.403936108591
2018-12-29 14:00:00,3139.53,2989.217809240389
2018-12-29 15:00:00,3040.13,2742.4488758102775
2018-12-29 16:00:00,2974.08,2897.0255353424864
2018-12-29 17:00:00,3069.09,2790.479236170456
2018-12-29 18:00:00,3450.54,2593.9551356011134
2018-12-29 19:00:00,3466.46,2421.862465945967
2018-12-29 20:00:00,3278.61,2266.3429221163447
2018-12-29 21:00:00,2985.83,2289.3258563848085
2018-12-29 22:00:00,2779.78,2211.599465923821
2018-12-29 23:00:00,2399.04,2197.5958840055223
2018-12-30 00:00:00,1988.5,2091.078293899551
2018-12-30 01:00:00,1782.58,1930.7681989331822
2018-12-30 02:00:00,1657.4,1811.8383089936272
2018-12-30 03:00:00,1577.34,1598.8603006956573
2018-12-30 04:00:00,1569.16,1613.1463199186016
2018-12-30 05:00:00,1696.72,1612.8649192015675
2018-12-30 06:00:00,2073.19,1994.6361744466715
2018-12-30 07:00:00,2601.41,2440.563312439062
2018-12-30 08:00:00,3342.12,2754.659461235389
2018-12-30 09:00:00,3692.61,2699.339856370208
2018-12-30 10:00:00,4030.61,3009.289690354826
2018-12-30 11:00:00,4119.18,3042.9839048173403
2018-12-30 12:00:00,3906.43,3018.150223416219
2018-12-30 13:00:00,3496.66,2815.6966457335243
2018-12-30 14:00:00,3111.26,2760.920648646682
2018-12-30 15:00:00,2921.06,2664.542247880577
2018-12-30 16:00:00,2788.45,2664.542247880577
2018-12-30 17:00:00,2855.16,2720.1881303375258
2018-12-30 18:00:00,3246.74,2570.8245047582554
2018-12-30 19:00:00,3256.99,2395.3620862664425
2018-12-30 20:00:00,3094.14,2333.124511549111
2018-12-30 21:00:00,2875.36,2211.0473068196443
2018-12-30 22:00:00,2681.01,2088.2748712400335
2018-12-30 23:00:00,2349.41,2072.1580940216136
2018-12-31 00:00:00,1956.78,1965.6405039156434
2018-12-31 01:00:00,1699.41,1777.4758233590674
2018-12-31 02:00:00,1580.38,1658.5459334195118
2018-12-31 03:00:00,1505.19,1438.5855286392034
2018-12-31 04:00:00,1507.96,1500.7485785607623
2018-12-31 05:00:00,1649.1,1500.7485785607623
2018-12-31 06:00:00,2166.24,1879.1172989534489
2018-12-31 07:00:00,2864.98,2444.180820701422
2018-12-31 08:00:00,3682.44,2691.8987370390932
2018-12-31 09:00:00,3974.57,2582.4084862160803
2018-12-31 10:00:00,4293.56,2972.773011523939
2018-12-31 11:00:00,4218.28,3009.2899932452765
2018-12-31 12:00:00,4033.06,3052.854976609686
2018-12-31 13:00:00,3565.38,2893.3623489382253
2018-12-31 14:00:00,3344.18,2893.3623489382253
2018-12-31 15:00:00,3233.93,2630.685690185192
2018-12-31 16:00:00,3110.01,2691.812720975978
2018-12-31 17:00:00,3113.88,2728.4250199126504
2018-12-31 18:00:00,3540.88,2579.0613943333806
2018-12-31 19:00:00,3457.72,2395.711478587547
2018-12-31 20:00:00,3234.65,2297.746277788226
2018-12-31 21:00:00,2986.59,2217.0743301333155
2018-12-31 22:00:00,2759.5,2118.250766544643
2018-12-31 23:00:00,2449.93,2104.2471846263443
2019-01-01 00:00:00,2103.62,1997.7295945203743
2019-01-01 01:00:00,1836.39,1801.8296765098096
2019-01-01 02:00:00,1668.57,1682.8997865702536
2019-01-01 03:00:00,1604.56,1440.9137008100513
2019-01-01 04:00:00,1596.03,1503.0767507316102
2019-01-01 05:00:00,1742.71,1503.0767507316102
2019-01-01 06:00:00,2202.9,1881.4454711242968
2019-01-01 07:00:00,2891.93,2440.656033465911
2019-01-01 08:00:00,3652.87,2688.3739498035825
2019-01-01 09:00:00,3983.24,2589.51161656999
2019-01-01 10:00:00,4335.72,2957.480984007346
2019-01-01 11:00:00,4332.68,2960.6493123550013
2019-01-01 12:00:00,4062.51,3038.069165000281
2019-01-01 13:00:00,3587.63,2878.57653732882
2019-01-01 14:00:00,3257.78,2905.926196490917
2019-01-01 15:00:00,3113.06,2691.812720975978
2019-01-01 16:00:00,2953.73,2691.812720975978
2019-01-01 17:00:00,3045.88,2728.4250199126504
2019-01-01 18:00:00,3282.26,2579.0613943333806
2019-01-01 19:00:00,3254.6,2395.711478587547
2019-01-01 20:00:00,3056.57,2347.660832106724
2019-01-01 21:00:00,2901.7,2266.988884451813
2019-01-01 22:00:00,2681.83,2236.3475814828626
2019-01-01 23:00:00,2298.96,2172.4294452460663
2019-01-02 00:00:00,1889.42,2151.766118437368
2019-01-02 01:00:00,1672.83,1955.8662004268028
2019-01-02 02:00:00,1557.12,1682.8997865702536
2019-01-02 03:00:00,1495.99,1545.0356704085482
2019-01-02 04:00:00,1513.91,1503.0767507316102
2019-01-02 05:00:00,1670.38,1503.0767507316102
2019-01-02 06:00:00,2150.82,1897.7318301257094
2019-01-02 07:00:00,2860.01,2390.9797457059053
2019-01-02 08:00:00,3633.52,2693.4218750872446
2019-01-02 09:00:00,3870.37,2583.9316242642317
2019-01-02 10:00:00,4183.32,2943.4721027563564
2019-01-02 11:00:00,4058.15,2950.191060418614
2019-01-02 12:00:00,3863.81,2953.7494057252898
2019-01-02 13:00:00,3460.1,2872.9965450230616
2019-01-02 14:00:00,3200.27,2847.006554424979
2019-01-02 15:00:00,3124.88,2793.62590793156
2019-01-02 16:00:00,3044.66,2793.62590793156
2019-01-02 17:00:00,3036.22,2724.347663544599
2019-01-02 18:00:00,3506.84,2573.481402027622
2019-01-02 19:00:00,3470.08,2375.4827439706737
2019-01-02 20:00:00,3258.23,2362.6245403303096
2019-01-02 21:00:00,2981.4,2294.810796315763
2019-01-02 22:00:00,2751.45,2230.767589177104
2019-01-02 23:00:00,2368.02,2177.4773705297284
2019-01-03 00:00:00,1957.87,2146.1861261316094
2019-01-03 01:00:00,1728.1,1910.999571391968
2019-01-03 02:00:00,1607.15,1687.9477118539162
2019-01-03 03:00:00,1547.46,1550.0835956922106
2019-01-03 04:00:00,1550.97,1508.1246760152728
2019-01-03 05:00:00,1733.61,1508.1246760152728
2019-01-03 06:00:00,2201.82,1886.4933964079592
2019-01-03 07:00:00,2996.45,2445.7039587495733
2019-01-03 08:00:00,3749.55,2693.4218750872446
2019-01-03 09:00:00,3964.04,2719.890551647032
2019-01-03 10:00:00,4246.37,3104.8072014056243
2019-01-03 11:00:00,4111.52,2987.212226029191
2019-01-03 12:00:00,3881.77,3101.6265279777904
2019-01-03 13:00:00,3494.15,3002.674295649845
2019-01-03 14:00:00,3244.14,2970.1395576900914
2019-01-03 15:00:00,3185.45,2890.76892059859
2019-01-03 16:00:00,3009.33,2937.929395588662
2019-01-03 17:00:00,3271.16,2773.783011264443
2019-01-03 18:00:00,3583.13,2577.2359054143044
2019-01-03 19:00:00,3515.16,2360.4840854987624
2019-01-03 20:00:00,3092.27,2381.0277860281067
2019-01-03 21:00:00,3155.96,2279.812137843852
2019-01-03 22:00:00,2894.38,2249.170834874901
2019-01-03 23:00:00,2397.97,2195.8806162275255
2019-01-04 00:00:00,2034.33,2021.1807655018333
2019-01-04 01:00:00,1787.95,1825.2808474912686
2019-01-04 02:00:00,1729.48,1810.4729271502094
2019-01-04 03:00:00,1675.11,1464.36487179151
2019-01-04 04:00:00,1694.46,1526.527921713069
2019-01-04 05:00:00,1846.11,1526.527921713069
2019-01-04 06:00:00,2335.19,1904.896642105756
2019-01-04 07:00:00,3088.01,2464.1072044473703
2019-01-04 08:00:00,3836.43,2711.8251207850417
2019-01-04 09:00:00,4107.63,2728.324203946731
2019-01-04 10:00:00,4412.9,3104.8072014056243
2019-01-04 11:00:00,4276.03,3016.262539880329
2019-01-04 12:00:00,4071.6,3101.6265279777904
2019-01-04 13:00:00,3865.31,3031.724609500983
2019-01-04 14:00:00,3471.67,3002.674295649845
2019-01-04 15:00:00,3387.56,2937.929395588662
2019-01-04 16:00:00,3320.73,2937.929395588662
2019-01-04 17:00:00,3365.9,2773.783011264443
2019-01-04 18:00:00,3654.21,2577.2359054143044
2019-01-04 19:00:00,3610.21,2393.8859896684708
2019-01-04 20:00:00,3369.45,2360.4840854987624
2019-01-04 21:00:00,3088.11,2262.0171284091234
2019-01-04 22:00:00,2846.73,2231.375825440173
2019-01-04 23:00:00,2428.2,2178.085606792797
2019-01-05 00:00:00,2044.31,1995.650518613117
2019-01-05 01:00:00,1779.39,1807.4858380565402
2019-01-05 02:00:00,1661.47,1645.9399369776252
2019-01-05 03:00:00,1593.84,1545.8223459455373
2019-01-05 04:00:00,1600.62,1641.8298983179438
2019-01-05 05:00:00,1755.44,1629.5223976562086
2019-01-05 06:00:00,2224.56,2008.4895155773047
2019-01-05 07:00:00,2922.23,2567.7000779189198
2019-01-05 08:00:00,3614.82,2815.417994256591
2019-01-05 09:00:00,3829.78,2824.8740781504785
2019-01-05 10:00:00,4090.69,3166.4170692967355
2019-01-05 11:00:00,3996.26,3048.3158780131143
2019-01-05 12:00:00,3747.08,3131.461687932612
2019-01-05 13:00:00,3349.08,3036.401289511258
2019-01-05 14:00:00,3109.09,2961.210633127812
2019-01-05 15:00:00,2943.43,2864.832232361707
2019-01-05 16:00:00,2904.64,2923.871510496331
2019-01-05 17:00:00,2968.56,2775.8534991401375
2019-01-05 18:00:00,3334.39,2593.9551356011134
2019-01-05 19:00:00,3350.92,2421.8394606651705
2019-01-05 20:00:00,3253.1,2373.811819465144
2019-01-05 21:00:00,2921.66,2349.15619364323
2019-01-05 22:00:00,2707.2,2339.6120638019643
2019-01-05 23:00:00,2381.72,2265.7781446252443
2019-01-06 00:00:00,1946.71,2234.4869002271253
2019-01-06 01:00:00,1695.97,2074.1768052607545
2019-01-06 02:00:00,1572.46,1915.9602785921236
2019-01-06 03:00:00,1515.74,1742.2689070232313
2019-01-06 04:00:00,1514.46,1717.2682895170983
2019-01-06 05:00:00,1645.91,1756.2735255291416
2019-01-06 06:00:00,1923.1,2039.3992429036846
2019-01-06 07:00:00,2457.98,2513.4309770796835
2019-01-06 08:00:00,2924.76,2689.8837724763207
2019-01-06 09:00:00,3357.25,2699.339856370208
2019-01-06 10:00:00,3843.73,3017.2971044691753
2019-01-06 11:00:00,3921.24,3054.7417769285826
2019-01-06 12:00:00,3792.08,3082.8313725532184
2019-01-06 13:00:00,3489.19,3013.2476533876033
2019-01-06 14:00:00,3187.42,2967.5898143352383
2019-01-06 15:00:00,2952.47,2869.7087776314265
2019-01-06 16:00:00,2832.89,2869.7087776314265
2019-01-06 17:00:00,2859.34,2752.7228682972795
2019-01-06 18:00:00,3141.59,2556.1757624471406
2019-01-06 19:00:00,3193.89,2395.3620862664425
2019-01-06 20:00:00,3081.65,2403.582766396953
2019-01-06 21:00:00,2875.98,2294.3637653078504
2019-01-06 22:00:00,2688.45,2171.5913297282395
2019-01-06 23:00:00,2314.62,2190.2549089598333
2019-01-07 00:00:00,1943.29,2119.677027832637
2019-01-07 01:00:00,1732.9,1881.5977929575643
2019-01-07 02:00:00,1612.45,1762.6679030180087
2019-01-07 03:00:00,1556.6,1438.5855286392034
2019-01-07 04:00:00,1565.9,1500.7485785607623
2019-01-07 05:00:00,1739.71,1500.7485785607623
2019-01-07 06:00:00,2316.38,1879.1172989534489
2019-01-07 07:00:00,3096.53,2444.180820701422
2019-01-07 08:00:00,3745.0,2691.8987370390932
2019-01-07 09:00:00,3970.12,2708.3978202007825
2019-01-07 10:00:00,4171.95,3096.1418420335704
2019-01-07 11:00:00,4204.95,2989.1747842465575
2019-01-07 12:00:00,3980.97,3103.589086195157
2019-01-07 13:00:00,3596.98,3004.636853867212
2019-01-07 14:00:00,3356.33,2973.604751845165
2019-01-07 15:00:00,3271.91,2877.945667206551
2019-01-07 16:00:00,3132.87,2877.945667206551
2019-01-07 17:00:00,3183.12,2760.959757872404
2019-01-07 18:00:00,3509.3,2564.412652022266
2019-01-07 19:00:00,3632.55,2381.062736276432
2019-01-07 20:00:00,3379.01,2347.660832106724
2019-01-07 21:00:00,3033.6,2266.988884451813
2019-01-07 22:00:00,2855.19,2236.3475814828626
2019-01-07 23:00:00,2442.11,2172.4294452460663
2019-01-08 00:00:00,2029.18,2101.85156411887
2019-01-08 01:00:00,1749.76,1801.8296765098096
2019-01-08 02:00:00,1631.67,1682.8997865702536
2019-01-08 03:00:00,1576.93,1440.9137008100513
2019-01-08 04:00:00,1584.96,1503.0767507316102
2019-01-08 05:00:00,1774.65,1503.0767507316102
2019-01-08 06:00:00,2339.17,1881.4454711242968
2019-01-08 07:00:00,3167.25,2440.656033465911
2019-01-08 08:00:00,3822.01,2688.3739498035825
2019-01-08 09:00:00,4002.86,2704.8730329652717
2019-01-08 10:00:00,4169.43,3081.356030424165
2019-01-08 11:00:00,4052.51,2974.388972637152
2019-01-08 12:00:00,3745.29,3059.7529607346137
2019-01-08 13:00:00,3331.65,2989.8510422578065
2019-01-08 14:00:00,3102.28,2958.81894023576
2019-01-08 15:00:00,3022.27,2877.945667206551
2019-01-08 16:00:00,2966.41,2925.1061421966233
2019-01-08 17:00:00,3067.66,2760.959757872404
2019-01-08 18:00:00,3401.88,2564.412652022266
2019-01-08 19:00:00,3440.97,2381.062736276432
2019-01-08 20:00:00,3280.87,2347.660832106724
2019-01-08 21:00:00,3042.92,2266.988884451813
2019-01-08 22:00:00,2830.57,2236.3475814828626
2019-01-08 23:00:00,2386.46,2172.4294452460663
2019-01-09 00:00:00,1990.12,2101.85156411887
2019-01-09 01:00:00,1722.56,1905.9516461083056
2019-01-09 02:00:00,1617.16,1787.0217561687505
2019-01-09 03:00:00,1550.7,1440.9137008100513
2019-01-09 04:00:00,1560.43,1503.0767507316102
2019-01-09 05:00:00,1737.43,1503.0767507316102
2019-01-09 06:00:00,2359.73,1897.7318301257094
2019-01-09 07:00:00,3217.43,2445.7039587495733
2019-01-09 08:00:00,3855.74,2693.4218750872446
2019-01-09 09:00:00,4006.84,2583.9316242642317
2019-01-09 10:00:00,4234.1,2952.4072076087755
2019-01-09 11:00:00,4131.29,2968.3027644242056
2019-01-09 12:00:00,3701.39,3079.672652965391
2019-01-09 13:00:00,3475.11,2951.7363119922943
2019-01-09 14:00:00,3218.37,2923.729135879717
2019-01-09 15:00:00,3134.1,2821.6330840441374
2019-01-09 16:00:00,3114.81,2821.6330840441374
2019-01-09 17:00:00,3167.54,2722.845027606892
2019-01-09 18:00:00,3461.52,2573.481402027622
2019-01-09 19:00:00,3503.47,2390.108481000992
2019-01-09 20:00:00,3385.17,2342.0808398009654
2019-01-09 21:00:00,3085.49,2261.4088921460548
2019-01-09 22:00:00,2943.5,2230.767589177104
2019-01-09 23:00:00,2494.28,2177.4773705297284
2019-01-10 00:00:00,2039.93,2002.7775198040367
2019-01-10 01:00:00,1779.38,1806.877601793472
2019-01-10 02:00:00,1642.15,1687.9477118539162
2019-01-10 03:00:00,1588.44,1445.961626093714
2019-01-10 04:00:00,1612.79,1508.1246760152728
2019-01-10 05:00:00,1806.53,1508.1246760152728
2019-01-10 06:00:00,2285.02,1886.4933964079592
2019-01-10 07:00:00,2930.4,2445.7039587495733
2019-01-10 08:00:00,3376.39,2693.4218750872446
2019-01-10 09:00:00,3953.34,2593.90121766233
2019-01-10 10:00:00,4193.99,2970.8104533065725
2019-01-10 11:00:00,4123.1,2986.7060101220027
2019-01-10 12:00:00,3803.87,3098.075898663188
2019-01-10 13:00:00,3386.1,2970.1395576900914
2019-01-10 14:00:00,3195.59,2942.132381577514
2019-01-10 15:00:00,3179.92,2840.0363297419344
2019-01-10 16:00:00,3169.33,2732.643150480594
2019-01-10 17:00:00,3172.27,2788.408748294761
2019-01-10 18:00:00,3555.64,2591.884647725419
2019-01-10 19:00:00,3453.57,2408.511726698789
2019-01-10 20:00:00,3393.24,2381.0277860281067
2019-01-10 21:00:00,3032.48,2313.21404201356
2019-01-10 22:00:00,2780.71,2249.170834874901
2019-01-10 23:00:00,2379.2,2127.6983556078035
2019-01-11 00:00:00,1963.74,2125.3027351003293
2019-01-11 01:00:00,1754.81,1825.2808474912686
2019-01-11 02:00:00,1599.9,1706.3509575517128
2019-01-11 03:00:00,1537.78,1464.36487179151
2019-01-11 04:00:00,1549.87,1526.527921713069
2019-01-11 05:00:00,1723.88,1526.527921713069
2019-01-11 06:00:00,2356.42,1904.896642105756
2019-01-11 07:00:00,3304.03,2464.1072044473703
2019-01-11 08:00:00,3835.72,2711.8251207850417
2019-01-11 09:00:00,4018.47,2602.3348699620287
2019-01-11 10:00:00,4278.92,2961.8753484541535
2019-01-11 11:00:00,4335.79,2986.7060101220027
2019-01-11 12:00:00,4051.83,2864.7594721617465
2019-01-11 13:00:00,3656.95,2784.0066114595184
2019-01-11 14:00:00,3276.18,2942.132381577514
2019-01-11 15:00:00,3232.74,2840.0363297419344
2019-01-11 16:00:00,3155.04,2840.0363297419344
2019-01-11 17:00:00,3265.68,2773.783011264443
2019-01-11 18:00:00,3593.77,2591.884647725419
2019-01-11 19:00:00,3576.27,2393.8859896684708
2019-01-11 20:00:00,3360.55,2360.4840854987624
2019-01-11 21:00:00,3082.3,2295.419032578832
2019-01-11 22:00:00,2836.92,2231.375825440173
2019-01-11 23:00:00,2449.22,2178.085606792797
2019-01-12 00:00:00,2036.73,2139.0591249406893
2019-01-12 01:00:00,1792.63,1950.8944443841135
2019-01-12 02:00:00,1656.88,1645.9399369776252
2019-01-12 03:00:00,1579.54,1689.2309522731114
2019-01-12 04:00:00,1584.95,1745.9518679164405
2019-01-12 05:00:00,1735.25,1629.5223976562086
2019-01-12 06:00:00,2184.84,2008.4895155773047
2019-01-12 07:00:00,2890.93,2567.7000779189198
2019-01-12 08:00:00,3641.83,2815.417994256591
2019-01-12 09:00:00,3818.06,2698.8847441657763
2019-01-12 10:00:00,4103.88,3040.4277353120333
2019-01-12 11:00:00,3998.12,3017.2837759910676
2019-01-12 12:00:00,3727.7,3084.2782076617436
2019-01-12 13:00:00,3338.71,2918.213279725145
2019-01-12 14:00:00,3084.36,2961.210633127812
2019-01-12 15:00:00,2992.14,2714.4416996977
2019-01-12 16:00:00,2873.72,2821.8348789590405
2019-01-12 17:00:00,2958.18,2744.8213971180908
2019-01-12 18:00:00,3258.94,2593.9551356011134
2019-01-12 19:00:00,3333.25,2421.862465945967
2019-01-12 20:00:00,3161.96,2394.355519994488
2019-01-12 21:00:00,2884.47,2376.6401343139123
2019-01-12 22:00:00,2688.6,2367.0960044726467
2019-01-12 23:00:00,2355.3,2265.7781446252443
2019-01-13 00:00:00,1966.68,2195.200263498048
2019-01-13 01:00:00,1693.01,2034.8901685316775
2019-01-13 02:00:00,1574.36,1811.8383089936272
2019-01-13 03:00:00,1506.09,1702.982270294154
2019-01-13 04:00:00,1496.2,1717.2682895170983
2019-01-13 05:00:00,1637.8,1716.9868888000642
2019-01-13 06:00:00,2021.32,2039.3992429036846
2019-01-13 07:00:00,2525.37,2513.4309770796835
2019-01-13 08:00:00,3287.46,2689.8837724763207
2019-01-13 09:00:00,3593.24,2699.339856370208
2019-01-13 10:00:00,3954.43,3000.3545855024067
2019-01-13 11:00:00,3974.6,2994.6593610553978
2019-01-13 12:00:00,3775.75,3006.3715797320433
2019-01-13 13:00:00,3406.75,2911.311181310689
2019-01-13 14:00:00,3113.7,2911.311181310689
2019-01-13 15:00:00,2909.41,2814.932780544584
2019-01-13 16:00:00,2801.81,2814.932780544584
2019-01-13 17:00:00,2821.87,2721.690766275233
2019-01-13 18:00:00,3135.68,2556.1757624471406
2019-01-13 19:00:00,3225.89,2395.3620862664425
2019-01-13 20:00:00,3026.18,2416.440970037317
2019-01-13 21:00:00,2782.07,2294.3637653078504
2019-01-13 22:00:00,2596.8,2171.5913297282395
2019-01-13 23:00:00,2294.49,2210.7986094891776
2019-01-14 00:00:00,1916.52,2153.027863520012
2019-01-14 01:00:00,1667.12,1940.8026382133385
2019-01-14 02:00:00,1544.15,1821.872748273784
2019-01-14 03:00:00,1481.84,1606.342936330396
2019-01-14 04:00:00,1495.16,1613.2970494006913
2019-01-14 05:00:00,1717.2,1511.4740329653055
2019-01-14 06:00:00,2424.17,1848.2843196158274
2019-01-14 07:00:00,3316.7,2413.3478413638004
2019-01-14 08:00:00,4024.38,2661.0657577014717
2019-01-14 09:00:00,4047.54,2656.899692462632
2019-01-14 10:00:00,4222.13,2928.8950181833493
2019-01-14 11:00:00,4076.04,2945.2967909059676
2019-01-14 12:00:00,3796.67,2969.9783716856296
2019-01-14 13:00:00,3413.55,2673.5218206604063
2019-01-14 14:00:00,3138.46,2842.042030712533
2019-01-14 15:00:00,3066.62,2671.5245047723324
2019-01-14 16:00:00,2957.16,2671.5245047723324
2019-01-14 17:00:00,3020.81,2696.281005845249
2019-01-14 18:00:00,3344.75,2499.7338999951107
2019-01-14 19:00:00,3460.34,2324.540513821733
2019-01-14 20:00:00,3304.16,2307.5928183475075
2019-01-14 21:00:00,3021.74,2202.9658473073937
2019-01-14 22:00:00,2797.74,2172.324544338443
2019-01-14 23:00:00,2383.1,2158.3209624201445
2019-01-15 00:00:00,1982.1,1997.7295945203743
2019-01-15 01:00:00,1715.19,1801.8296765098096
2019-01-15 02:00:00,1586.96,1682.8997865702536
2019-01-15 03:00:00,1531.32,1440.9137008100513
2019-01-15 04:00:00,1543.78,1503.0767507316102
2019-01-15 05:00:00,1763.79,1503.0767507316102
2019-01-15 06:00:00,2490.15,1881.4454711242968
2019-01-15 07:00:00,3487.11,2440.656033465911
2019-01-15 08:00:00,3903.73,2688.3739498035825
2019-01-15 09:00:00,4056.98,2704.8730329652717
2019-01-15 10:00:00,4258.49,2946.853066417925
2019-01-15 11:00:00,4183.92,3023.5544954870093
2019-01-15 12:00:00,3884.0,3061.869713576591
2019-01-15 13:00:00,3570.07,2953.767193712266
2019-01-15 14:00:00,3249.46,2957.3163042980527
2019-01-15 15:00:00,3274.84,2925.12914747742
2019-01-15 16:00:00,3194.26,2925.12914747742
2019-01-15 17:00:00,3282.88,2760.959757872404
2019-01-15 18:00:00,3549.85,2564.412652022266
2019-01-15 19:00:00,3623.79,2347.660832106724
2019-01-15 20:00:00,3402.29,2297.746277788226
2019-01-15 21:00:00,3110.07,2217.0743301333155
2019-01-15 22:00:00,2886.41,2118.250766544643
2019-01-15 23:00:00,2422.14,2104.2471846263443
2019-01-16 00:00:00,1981.28,1997.7295945203743
2019-01-16 01:00:00,1745.78,1801.8296765098096
2019-01-16 02:00:00,1618.94,1682.8997865702536
2019-01-16 03:00:00,1548.26,1440.9137008100513
2019-01-16 04:00:00,1567.28,1503.0767507316102
2019-01-16 05:00:00,1792.45,1503.0767507316102
2019-01-16 06:00:00,2563.13,1897.7318301257094
2019-01-16 07:00:00,3574.12,2445.7039587495733
2019-01-16 08:00:00,3931.41,2693.4218750872446
2019-01-16 09:00:00,4021.96,2583.9316242642317
2019-01-16 10:00:00,4255.83,2952.4072076087755
2019-01-16 11:00:00,4148.04,2968.3027644242056
2019-01-16 12:00:00,3935.62,3079.672652965391
2019-01-16 13:00:00,3541.79,2951.7363119922943
2019-01-16 14:00:00,3256.89,2951.7363119922943
2019-01-16 15:00:00,3272.6,2821.6330840441374
2019-01-16 16:00:00,3182.03,2821.6330840441374
2019-01-16 17:00:00,3243.15,2724.347663544599
2019-01-16 18:00:00,3533.77,2573.481402027622
2019-01-16 19:00:00,3588.47,2390.108481000992
2019-01-16 20:00:00,3512.33,2302.794203071888
2019-01-16 21:00:00,3165.78,2294.810796315763
2019-01-16 22:00:00,2972.73,2230.767589177104
2019-01-16 23:00:00,2554.68,2177.4773705297284
2019-01-17 00:00:00,2091.38,2002.7775198040367
2019-01-17 01:00:00,1838.19,1806.877601793472
2019-01-17 02:00:00,1696.96,1687.9477118539162
2019-01-17 03:00:00,1643.31,1445.961626093714
2019-01-17 04:00:00,1646.64,1508.1246760152728
2019-01-17 05:00:00,1853.25,1508.1246760152728
2019-01-17 06:00:00,2591.45,1886.4933964079592
2019-01-17 07:00:00,3572.48,2445.7039587495733
2019-01-17 08:00:00,3917.21,2693.4218750872446
2019-01-17 09:00:00,3900.21,2593.90121766233
2019-01-17 10:00:00,4120.56,2961.8753484541535
2019-01-17 11:00:00,3985.38,2968.594306116411
2019-01-17 12:00:00,3762.66,3035.2798900554285
2019-01-17 13:00:00,3329.22,2919.406966833436
2019-01-17 14:00:00,3261.68,2942.132381577514
2019-01-17 15:00:00,3097.74,2812.029153629357
2019-01-17 16:00:00,3137.4,2890.76892059859
2019-01-17 17:00:00,3231.25,2742.750909242396
2019-01-17 18:00:00,3525.67,2591.884647725419
2019-01-17 19:00:00,3607.52,2393.8859896684708
2019-01-17 20:00:00,3431.61,2360.4840854987624
2019-01-17 21:00:00,3173.43,2313.21404201356
2019-01-17 22:00:00,2917.04,2249.170834874901
2019-01-17 23:00:00,2519.35,2195.8806162275255
2019-01-18 00:00:00,2097.05,2125.3027351003293
2019-01-18 01:00:00,1854.63,1825.2808474912686
2019-01-18 02:00:00,1737.13,1706.3509575517128
2019-01-18 03:00:00,1656.22,1464.36487179151
2019-01-18 04:00:00,1670.15,1526.527921713069
2019-01-18 05:00:00,1884.2,1526.527921713069
2019-01-18 06:00:00,2587.02,1904.896642105756
2019-01-18 07:00:00,3632.58,2464.1072044473703
2019-01-18 08:00:00,4014.9,2711.8251207850417
2019-01-18 09:00:00,4132.54,2728.324203946731
2019-01-18 10:00:00,4158.8,3104.8072014056243
2019-01-18 11:00:00,4248.09,2987.212226029191
2019-01-18 12:00:00,4067.64,3093.1976390325594
2019-01-18 13:00:00,3637.51,3017.32303796096
2019-01-18 14:00:00,3346.81,2942.132381577514
2019-01-18 15:00:00,3258.11,2890.76892059859
2019-01-18 16:00:00,3170.19,2840.0363297419344
2019-01-18 17:00:00,3240.71,2742.750909242396
2019-01-18 18:00:00,3532.51,2591.884647725419
2019-01-18 19:00:00,3590.33,2408.511726698789
2019-01-18 20:00:00,3484.52,2360.4840854987624
2019-01-18 21:00:00,3163.29,2295.419032578832
2019-01-18 22:00:00,2898.68,2231.375825440173
2019-01-18 23:00:00,2534.22,2178.085606792797
2019-01-19 00:00:00,2047.16,2099.772488211612
2019-01-19 01:00:00,1793.15,1911.6078076550366
2019-01-19 02:00:00,1677.47,1645.9399369776252
2019-01-19 03:00:00,1591.36,1545.8223459455373
2019-01-19 04:00:00,1598.95,1641.8298983179438
2019-01-19 05:00:00,1770.8,1629.5223976562086
2019-01-19 06:00:00,2363.61,2008.4895155773047
2019-01-19 07:00:00,3176.99,2567.7000779189198
2019-01-19 08:00:00,3607.78,2815.417994256591
2019-01-19 09:00:00,3842.06,2698.8847441657763
2019-01-19 10:00:00,4007.98,3003.3700073465457
2019-01-19 11:00:00,3928.45,3017.2837759910676
2019-01-19 12:00:00,3698.01,2803.982202797863
2019-01-19 13:00:00,3330.01,2672.970488218281
2019-01-19 14:00:00,2986.62,2890.4782169695354
2019-01-19 15:00:00,2955.07,2626.099228916349
2019-01-19 16:00:00,2801.1,2637.7191182429624
2019-01-19 17:00:00,2912.68,2782.996976632581
2019-01-19 18:00:00,3236.51,2577.8037573522915
2019-01-19 19:00:00,3315.62,2421.862465945967
2019-01-19 20:00:00,3131.38,2394.355519994488
2019-01-19 21:00:00,2925.36,2362.014397283594
2019-01-19 22:00:00,2702.93,2319.06836327262
2019-01-19 23:00:00,2339.0,2265.7781446252443
2019-01-20 00:00:00,1933.7,2234.4869002271253
2019-01-20 01:00:00,1683.89,2074.1768052607545
2019-01-20 02:00:00,1562.23,1915.9602785921236
2019-01-20 03:00:00,1489.64,1742.2689070232313
2019-01-20 04:00:00,1495.59,1717.2682895170983
2019-01-20 05:00:00,1619.34,1612.8649192015675
2019-01-20 06:00:00,1982.05,2039.3992429036846
2019-01-20 07:00:00,2553.49,2513.4309770796835
2019-01-20 08:00:00,3284.97,2689.8837724763207
2019-01-20 09:00:00,3680.52,2661.7759124975323
2019-01-20 10:00:00,4058.15,2966.499716221537
2019-01-20 11:00:00,4063.58,2939.3771480613673
2019-01-20 12:00:00,3831.26,2649.5683862411443
2019-01-20 13:00:00,3412.04,2503.3639167121746
2019-01-20 14:00:00,3118.71,2650.6505029348764
2019-01-20 15:00:00,2866.83,2273.4746061749506
2019-01-20 16:00:00,2693.83,2486.3561530375714
2019-01-20 17:00:00,2661.71,2826.685072735
2019-01-20 18:00:00,2980.37,2603.613839167334
2019-01-20 19:00:00,3073.19,2445.218029632567
2019-01-20 20:00:00,2997.06,2416.440970037317
2019-01-20 21:00:00,2762.47,2292.8611293701433
2019-01-20 22:00:00,2553.34,2171.5913297282395
2019-01-20 23:00:00,2159.42,2223.6568131295417
2019-01-21 00:00:00,1825.52,2153.0789320023455
2019-01-21 01:00:00,1600.28,1964.9142514457687
2019-01-21 02:00:00,1498.73,1845.9843615062143
2019-01-21 03:00:00,1428.95,1626.0239567259064
2019-01-21 04:00:00,1456.96,1688.1870066474653
2019-01-21 05:00:00,1672.69,1654.7851024777572
2019-01-21 06:00:00,2434.68,1967.9101891695902
2019-01-21 07:00:00,3349.32,2400.0845252471745
2019-01-21 08:00:00,3681.75,2576.5373206438117
2019-01-21 09:00:00,3662.43,2555.472459932825
2019-01-21 10:00:00,3907.93,2916.6544264006516
2019-01-21 11:00:00,3782.38,2929.6292902047453
2019-01-21 12:00:00,3627.37,2897.3926281857157
2019-01-21 13:00:00,3331.39,2944.0949397948807
2019-01-21 14:00:00,3205.44,2945.5975757325878
2019-01-21 15:00:00,3124.22,2910.480405166305
2019-01-21 16:00:00,2989.19,2910.480405166305
2019-01-21 17:00:00,3087.87,2760.959757872404
2019-01-21 18:00:00,3214.74,2564.412652022266
2019-01-21 19:00:00,3402.65,2381.062736276432
2019-01-21 20:00:00,3274.26,2381.062736276432
2019-01-21 21:00:00,2992.05,2300.3907886215216
2019-01-21 22:00:00,2617.34,2269.749485652571
2019-01-21 23:00:00,2202.47,2255.7459037342724
2019-01-22 00:00:00,1860.43,2185.168022607076
2019-01-22 01:00:00,1673.43,1989.268104596511
2019-01-22 02:00:00,1545.47,1870.3382146569566
2019-01-22 03:00:00,1420.29,1628.3521288967543
2019-01-22 04:00:00,1396.54,1690.5151788183132
2019-01-22 05:00:00,1676.3,1677.6569751779493
2019-01-22 06:00:00,2375.47,1970.238361340439
2019-01-22 07:00:00,3303.98,2396.5597380116637
2019-01-22 08:00:00,3542.93,2573.012533408301
2019-01-22 09:00:00,3359.13,2589.51161656999
2019-01-22 10:00:00,3749.39,2965.9946140288835
2019-01-22 11:00:00,3851.4,2974.388972637152
2019-01-22 12:00:00,3785.16,3059.7529607346137
2019-01-22 13:00:00,3430.83,2989.8510422578065
2019-01-22 14:00:00,3295.06,2989.8510422578065
2019-01-22 15:00:00,3221.62,2910.480405166305
2019-01-22 16:00:00,3045.76,2910.480405166305
2019-01-22 17:00:00,3192.46,2760.959757872404
2019-01-22 18:00:00,3383.62,2564.412652022266
2019-01-22 19:00:00,3391.15,2381.062736276432
2019-01-22 20:00:00,3268.37,2381.062736276432
2019-01-22 21:00:00,2990.36,2300.3907886215216
2019-01-22 22:00:00,2722.29,2236.3475814828626
2019-01-22 23:00:00,2308.97,2222.343999564564
2019-01-23 00:00:00,1937.29,2101.85156411887
2019-01-23 01:00:00,1711.3,1801.8296765098096
2019-01-23 02:00:00,1595.86,1787.0217561687505
2019-01-23 03:00:00,1536.33,1440.9137008100513
2019-01-23 04:00:00,1550.93,1607.198720330107
2019-01-23 05:00:00,1750.32,1503.0767507316102
2019-01-23 06:00:00,2496.49,1897.7318301257094
2019-01-23 07:00:00,3514.37,2445.7039587495733
2019-01-23 08:00:00,3839.11,2693.4218750872446
2019-01-23 09:00:00,3954.25,2709.920958248934
2019-01-23 10:00:00,4143.91,3086.403955707827
2019-01-23 11:00:00,4092.98,2968.8089803313937
2019-01-23 12:00:00,3853.79,3083.2232822799933
2019-01-23 13:00:00,3441.67,2984.271049952048
2019-01-23 14:00:00,3208.86,2984.271049952048
2019-01-23 15:00:00,3207.97,2904.9004128605466
2019-01-23 16:00:00,3058.91,2904.9004128605466
2019-01-23 17:00:00,3129.98,2755.379765566646
2019-01-23 18:00:00,3380.62,2558.8326597165074
2019-01-23 19:00:00,3485.58,2375.4827439706737
2019-01-23 20:00:00,3313.99,2362.6245403303096
2019-01-23 21:00:00,3010.77,2261.4088921460548
2019-01-23 22:00:00,2798.36,2230.767589177104
2019-01-23 23:00:00,2389.56,2216.7640072588056
2019-01-24 00:00:00,1955.62,2146.1861261316094
2019-01-24 01:00:00,1717.96,1950.2862081210449
2019-01-24 02:00:00,1605.44,1792.0696814524129
2019-01-24 03:00:00,1541.6,1589.370232421288
2019-01-24 04:00:00,1544.95,1651.5332823428469
2019-01-24 05:00:00,1725.64,1612.2466456137695
2019-01-24 06:00:00,2458.42,1931.2564648649725
2019-01-24 07:00:00,3416.72,2390.9797457059053
2019-01-24 08:00:00,3771.59,2567.4325411025425
2019-01-24 09:00:00,3820.33,2593.90121766233
2019-01-24 10:00:00,4044.63,2949.767553569784
2019-01-24 11:00:00,4047.92,2956.180124007144
2019-01-24 12:00:00,3744.54,3041.5441121046056
2019-01-24 13:00:00,3388.17,2970.116552409295
2019-01-24 14:00:00,3170.56,2943.635017515221
2019-01-24 15:00:00,3244.19,2923.3036585583436
2019-01-24 16:00:00,3186.01,2923.3036585583436
2019-01-24 17:00:00,3268.18,2773.783011264443
2019-01-24 18:00:00,3513.02,2577.2359054143044
2019-01-24 19:00:00,3595.5,2393.8859896684708
2019-01-24 20:00:00,3384.17,2393.8859896684708
2019-01-24 21:00:00,3047.02,2313.21404201356
2019-01-24 22:00:00,2859.37,2282.5727390446095
2019-01-24 23:00:00,2452.71,2268.569157126311
2019-01-25 00:00:00,2041.63,2164.5893718294064
2019-01-25 01:00:00,1823.44,1968.689453818842
2019-01-25 02:00:00,1706.59,1849.7595638792868
2019-01-25 03:00:00,1650.09,1607.773478119084
2019-01-25 04:00:00,1659.53,1669.936528040643
2019-01-25 05:00:00,1854.91,1630.6498913115656
2019-01-25 06:00:00,2583.57,1949.6597105627695
2019-01-25 07:00:00,3461.65,2409.3829914037024
2019-01-25 08:00:00,3860.31,2585.8357868003395
2019-01-25 09:00:00,3947.19,2602.3348699620287
2019-01-25 10:00:00,4104.67,2978.817867420922
2019-01-25 11:00:00,4145.43,2987.212226029191
2019-01-25 12:00:00,3851.59,3072.5762141266523
2019-01-25 13:00:00,3584.33,3002.674295649845
2019-01-25 14:00:00,3226.05,3002.674295649845
2019-01-25 15:00:00,3208.22,2937.9524008694584
2019-01-25 16:00:00,3100.22,2923.3036585583436
2019-01-25 17:00:00,3166.98,2773.783011264443
2019-01-25 18:00:00,3372.99,2577.2359054143044
2019-01-25 19:00:00,3516.88,2393.8859896684708
2019-01-25 20:00:00,3365.36,2360.4840854987624
2019-01-25 21:00:00,3097.95,2262.0171284091234
2019-01-25 22:00:00,2830.15,2231.375825440173
2019-01-25 23:00:00,2533.55,2178.085606792797
2019-01-26 00:00:00,2096.96,2125.279161312421
2019-01-26 01:00:00,1853.3,1946.4558401754557
2019-01-26 02:00:00,1744.17,1685.5873133106927
2019-01-26 03:00:00,1682.28,1589.9003151155246
2019-01-26 04:00:00,1678.17,1672.440734724789
2019-01-26 05:00:00,1775.27,1613.5926074970218
2019-01-26 06:00:00,2026.79,1951.0012916759538
2019-01-26 07:00:00,2529.27,2510.2118540175693
2019-01-26 08:00:00,3032.6,2757.9297703552406
2019-01-26 09:00:00,3201.96,2625.530715676545
2019-01-26 10:00:00,3474.09,2962.643113985882
2019-01-26 11:00:00,3316.99,2992.267354541591
2019-01-26 12:00:00,3162.56,3051.6293170531003
2019-01-26 13:00:00,2848.19,2790.027007718917
2019-01-26 14:00:00,2461.86,2909.3854383608773
2019-01-26 15:00:00,2203.96,2817.1931644629744
2019-01-26 16:00:00,2051.44,2817.1931644629744
2019-01-26 17:00:00,2148.98,2710.6698705717404
2019-01-26 18:00:00,2547.08,2514.1227647216015
2019-01-26 19:00:00,2703.85,2350.186624638911
2019-01-26 20:00:00,2639.57,2382.078508893828
2019-01-26 21:00:00,2546.56,2323.552076746787
2019-01-26 22:00:00,2385.15,2314.0079469055213
2019-01-26 23:00:00,2057.94,2231.8221043675007
2019-01-27 00:00:00,1721.84,2091.078293899551
2019-01-27 01:00:00,1489.2,1930.7681989331822
2019-01-27 02:00:00,1370.41,1811.8383089936272
2019-01-27 03:00:00,1305.19,1598.8603006956573
2019-01-27 04:00:00,1312.75,1613.1463199186016
2019-01-27 05:00:00,1438.18,1612.8649192015675
2019-01-27 06:00:00,1803.89,1994.6361744466715
2019-01-27 07:00:00,2310.52,2440.563312439062
2019-01-27 08:00:00,3137.74,2754.659461235389
2019-01-27 09:00:00,3573.55,2825.32919035491
2019-01-27 10:00:00,3913.36,3017.2971044691753
2019-01-27 11:00:00,4014.34,3083.3073372866716
2019-01-27 12:00:00,3888.29,3111.8816864043565
2019-01-27 13:00:00,3412.05,2998.621916357285
2019-01-27 14:00:00,3149.34,3013.2706586684
2019-01-27 15:00:00,2936.47,2869.7087776314265
2019-01-27 16:00:00,2788.51,2902.2435155911803
2019-01-27 17:00:00,2822.19,2752.7228682972795
2019-01-27 18:00:00,3095.79,2556.1757624471406
2019-01-27 19:00:00,3249.18,2361.960182096734
2019-01-27 20:00:00,3150.58,2333.124511549111
2019-01-27 21:00:00,2927.67,2211.0473068196443
2019-01-27 22:00:00,2722.78,2088.2748712400335
2019-01-27 23:00:00,2361.16,2072.1580940216136
2019-01-28 00:00:00,1964.27,1965.6405039156434
2019-01-28 01:00:00,1736.44,1777.4758233590674
2019-01-28 02:00:00,1617.09,1658.5459334195118
2019-01-28 03:00:00,1567.57,1438.5855286392034
2019-01-28 04:00:00,1606.93,1500.7485785607623
2019-01-28 05:00:00,1751.08,1500.7485785607623
2019-01-28 06:00:00,2458.14,1879.1172989534489
2019-01-28 07:00:00,3361.63,2444.180820701422
2019-01-28 08:00:00,3836.38,2691.8987370390932
2019-01-28 09:00:00,3890.52,2582.4084862160803
2019-01-28 10:00:00,4176.83,2980.7804256382888
2019-01-28 11:00:00,4098.02,2988.6685683393694
2019-01-28 12:00:00,3804.1,3100.038456880555
2019-01-28 13:00:00,3451.75,2972.102115907458
2019-01-28 14:00:00,3254.2,2972.102115907458
2019-01-28 15:00:00,3214.83,2877.945667206551
2019-01-28 16:00:00,3095.03,2877.945667206551
2019-01-28 17:00:00,3222.57,2775.5854949027225
2019-01-28 18:00:00,3434.05,2564.412652022266
2019-01-28 19:00:00,3586.31,2362.286569137042
2019-01-28 20:00:00,3446.1,2347.660832106724
2019-01-28 21:00:00,3185.01,2231.700067163634
2019-01-28 22:00:00,2930.18,2118.250766544643
2019-01-28 23:00:00,2479.86,2104.2471846263443
2019-01-29 00:00:00,1983.81,1997.7295945203743
2019-01-29 01:00:00,1735.79,1801.8296765098096
2019-01-29 02:00:00,1627.37,1682.8997865702536
2019-01-29 03:00:00,1544.27,1440.9137008100513
2019-01-29 04:00:00,1568.48,1503.0767507316102
2019-01-29 05:00:00,1770.95,1503.0767507316102
2019-01-29 06:00:00,2555.59,1881.4454711242968
2019-01-29 07:00:00,3541.73,2440.656033465911
2019-01-29 08:00:00,3961.09,2688.3739498035825
2019-01-29 09:00:00,4036.09,2704.8730329652717
2019-01-29 10:00:00,4195.53,2965.9946140288835
2019-01-29 11:00:00,4121.06,3007.83279262587
2019-01-29 12:00:00,3817.82,3085.2526452711495
2019-01-29 13:00:00,3399.58,3004.4997845689213
2019-01-29 14:00:00,3183.31,2957.3163042980527
2019-01-29 15:00:00,3191.04,2877.945667206551
2019-01-29 16:00:00,3083.36,2877.945667206551
2019-01-29 17:00:00,3171.42,2728.4250199126504
2019-01-29 18:00:00,3396.91,2579.038389052584
2019-01-29 19:00:00,3599.66,2395.711478587547
2019-01-29 20:00:00,3431.76,2297.746277788226
2019-01-29 21:00:00,3154.79,2266.988884451813
2019-01-29 22:00:00,2875.48,2236.3475814828626
2019-01-29 23:00:00,2440.1,2104.2471846263443
2019-01-30 00:00:00,1998.89,1997.7295945203743
2019-01-30 01:00:00,1759.0,1801.8296765098096
2019-01-30 02:00:00,1641.17,1682.8997865702536
2019-01-30 03:00:00,1577.27,1440.9137008100513
2019-01-30 04:00:00,1586.53,1503.0767507316102
2019-01-30 05:00:00,1791.77,1503.0767507316102
2019-01-30 06:00:00,2535.88,1897.7318301257094
2019-01-30 07:00:00,3616.8,2445.7039587495733
2019-01-30 08:00:00,3989.32,2693.4218750872446
2019-01-30 09:00:00,4067.49,2709.920958248934
2019-01-30 10:00:00,4294.84,2960.414621723125
2019-01-30 11:00:00,4177.81,2997.3745406894827
2019-01-30 12:00:00,3922.07,3032.4891726945225
2019-01-30 13:00:00,3510.5,2923.729135879717
2019-01-30 14:00:00,3277.45,2923.729135879717
2019-01-30 15:00:00,3284.01,2872.365674900793
2019-01-30 16:00:00,3221.65,2872.365674900793
2019-01-30 17:00:00,3261.69,2753.8541243481422
2019-01-30 18:00:00,3448.42,2573.481402027622
2019-01-30 19:00:00,3591.95,2390.1314862817885
2019-01-30 20:00:00,3501.05,2375.4827439706737
2019-01-30 21:00:00,3139.93,2309.459538626878
2019-01-30 22:00:00,2852.2,2278.795230377131
2019-01-30 23:00:00,2449.71,2216.7640072588056
2019-01-31 00:00:00,1984.35,2161.576520333548
2019-01-31 01:00:00,1751.32,1791.635292555598
2019-01-31 02:00:00,1646.28,1742.3930139486138
2019-01-31 03:00:00,1556.63,1720.5530176173731
2019-01-31 04:00:00,1573.73,1859.9216977291007
2019-01-31 05:00:00,1766.96,2018.6154741606847
2019-01-31 06:00:00,2439.12,2241.788976202969
2019-01-31 07:00:00,3433.98,2596.351138298222
2019-01-31 08:00:00,3838.08,2581.0074138175146
2019-01-31 09:00:00,3924.22,2661.100594631145
2019-01-31 10:00:00,4132.13,2993.9185902683935
2019-01-31 11:00:00,4066.1,3092.824820957022
2019-01-31 12:00:00,3876.08,3175.94353053511
2019-01-31 13:00:00,3492.88,3240.0480304190046
2019-01-31 14:00:00,3270.93,3283.9603015219886
2019-01-31 15:00:00,3250.21,3308.5579444419827
2019-01-31 16:00:00,3196.78,3308.5579444419827
2019-01-31 17:00:00,3272.76,2991.7710703653897
2019-01-31 18:00:00,3441.03,2749.478790783585
2019-01-31 19:00:00,3535.41,2659.200400142469
2019-01-31 20:00:00,3411.7,2301.6718879168407
2019-01-31 21:00:00,3123.25,2401.4021411503663
2019-01-31 22:00:00,2847.76,2338.225840936889
2019-01-31 23:00:00,2406.98,2097.4728365819738
2019-02-01 00:00:00,1989.89,2186.99860589676
2019-02-01 01:00:00,1734.75,1839.7646275386987
2019-02-01 02:00:00,1599.29,1767.8150995118249
2019-02-01 03:00:00,1559.26,1768.682352600474
2019-02-01 04:00:00,1576.1,1885.3437832923123
2019-02-01 05:00:00,1789.22,2002.55756988782
2019-02-01 06:00:00,2537.44,2267.211061766181
2019-02-01 07:00:00,3507.86,2621.773223861434
2019-02-01 08:00:00,3901.45,2606.4294993807266
2019-02-01 09:00:00,4033.48,2669.534246930844
2019-02-01 10:00:00,4279.38,3111.210628194932
2019-02-01 11:00:00,4203.68,3288.4476104158357
2019-02-01 12:00:00,3899.5,3298.9851893259415
2019-02-01 13:00:00,3503.28,3283.983306802785
2019-02-01 14:00:00,3315.21,3090.2150862362273
2019-02-01 15:00:00,3285.41,3264.6456733389987
2019-02-01 16:00:00,3190.21,2991.7710703653897
2019-02-01 17:00:00,3226.39,2991.7710703653897
2019-02-01 18:00:00,3473.32,2749.478790783585
2019-02-01 19:00:00,3570.9,2441.2222942183143
2019-02-01 20:00:00,3382.19,2301.6718879168407
2019-02-01 21:00:00,3079.17,2153.077790962873
2019-02-01 22:00:00,2810.34,2089.901490749396
2019-02-01 23:00:00,2417.17,2067.126592318635
2019-02-02 00:00:00,1996.41,1930.9390182552802
2019-02-02 01:00:00,1756.34,1828.1911236915473
2019-02-02 02:00:00,1641.4,1694.8528441091264
2019-02-02 03:00:00,1581.59,1728.8036829016091
2019-02-02 04:00:00,1584.52,1860.5304055568458
2019-02-02 05:00:00,1749.1,1965.4366914906177
2019-02-02 06:00:00,2332.44,2215.177533137926
2019-02-02 07:00:00,3133.25,2569.7396952331787
2019-02-02 08:00:00,3710.33,2554.3959707524714
2019-02-02 09:00:00,3851.9,2610.457719034787
2019-02-02 10:00:00,4109.73,2665.787173426676
2019-02-02 11:00:00,4054.72,2739.1876296558544
2019-02-02 12:00:00,3817.36,2779.7747228931285
2019-02-02 13:00:00,3378.28,2766.275476307679
2019-02-02 14:00:00,3135.01,2766.275476307679
2019-02-02 15:00:00,3025.29,2825.6639213126696
2019-02-02 16:00:00,2951.18,2825.6639213126696
2019-02-02 17:00:00,2981.37,2790.873119227673
2019-02-02 18:00:00,3241.42,2583.3716417308647
2019-02-02 19:00:00,3418.99,2310.3342931246484
2019-02-02 20:00:00,3169.76,2170.7838868231747
2019-02-02 21:00:00,2984.46,2088.0086554361983
2019-02-02 22:00:00,2749.1,2069.789759204608
2019-02-02 23:00:00,2411.91,2047.0148607738479
2019-02-03 00:00:00,1976.03,1918.5625241644802
2019-02-03 01:00:00,1726.34,1802.1892253548779
2019-02-03 02:00:00,1581.56,1752.946946747893
2019-02-03 03:00:00,1512.76,1748.806031853293
2019-02-03 04:00:00,1503.83,1804.556847793451
2019-02-03 05:00:00,1647.43,1862.428497267623
2019-02-03 06:00:00,2011.94,2023.3232052368394
2019-02-03 07:00:00,2565.01,2375.687090176391
2019-02-03 08:00:00,3254.51,2360.3433656956836
2019-02-03 09:00:00,3719.65,2416.405113977999
2019-02-03 10:00:00,4162.48,2448.1488253225984
2019-02-03 11:00:00,4194.43,2521.549281551777
2019-02-03 12:00:00,4097.68,2562.136374789051
2019-02-03 13:00:00,3671.68,2548.6371282036016
2019-02-03 14:00:00,3238.4,2583.427930288598
2019-02-03 15:00:00,2980.84,2608.025573208592
2019-02-03 16:00:00,2790.12,2926.3380885036886
2019-02-03 17:00:00,2788.19,2608.025573208592
2019-02-03 18:00:00,3062.59,2365.733293626787
2019-02-03 19:00:00,3159.76,2095.524084386116
2019-02-03 20:00:00,3131.82,2059.2819756315835
2019-02-03 21:00:00,2920.62,1975.3817380383646
2019-02-03 22:00:00,2737.17,1954.4440331201845
2019-02-03 23:00:00,2323.06,1997.738200009024
2019-02-04 00:00:00,1896.31,1869.2858633996561
2019-02-04 01:00:00,1663.07,1766.5379688359237
2019-02-04 02:00:00,1543.88,1717.2956902289397
2019-02-04 03:00:00,1496.26,1730.0326097062036
2019-02-04 04:00:00,1519.89,1869.4012898179308
2019-02-04 05:00:00,1740.39,1986.6150764134375
2019-02-04 06:00:00,2529.68,2251.268568291799
2019-02-04 07:00:00,3573.2,2611.683689793411
2019-02-04 08:00:00,3926.95,2596.3399653127035
2019-02-04 09:00:00,3994.24,2617.9647230267437
2019-02-04 10:00:00,4191.25,2758.7894663423094
2019-02-04 11:00:00,4039.07,2832.189922571488
2019-02-04 12:00:00,3736.48,3222.974037208181
2019-02-04 13:00:00,3396.26,3254.9127029442193
2019-02-04 14:00:00,3128.58,3253.4100670065122
2019-02-04 15:00:00,3107.39,3294.5532103771566
2019-02-04 16:00:00,2975.83,3294.5532103771566
2019-02-04 17:00:00,3092.23,3296.0558463148636
2019-02-04 18:00:00,3291.79,2986.717323509406
2019-02-04 19:00:00,3465.75,2645.1726607968462
2019-02-04 20:00:00,3268.73,2287.644148571218
2019-02-04 21:00:00,3006.51,2169.396295880589
2019-02-04 22:00:00,2790.0,2106.219995667112
2019-02-04 23:00:00,2417.44,2083.445097236351
2019-02-05 00:00:00,1994.24,1954.992760626985
2019-02-05 01:00:00,1727.6,1803.0296387731873
2019-02-05 02:00:00,1623.64,1753.7873601662031
2019-02-05 03:00:00,1556.09,1731.9473638349625
2019-02-05 04:00:00,1568.29,1871.3160439466901
2019-02-05 05:00:00,1754.66,2030.009820378274
2019-02-05 06:00:00,2488.15,2253.1833224205584
2019-02-05 07:00:00,3533.56,2649.2254743518884
2019-02-05 08:00:00,3832.03,2592.401760035104
2019-02-05 09:00:00,3938.22,2655.5065075852212
2019-02-05 10:00:00,4058.85,2810.125768877956
2019-02-05 11:00:00,3961.0,3274.419871070213
2019-02-05 12:00:00,3488.73,3289.427496637404
2019-02-05 13:00:00,3339.68,3191.3153502337664
2019-02-05 14:00:00,3178.81,3191.3153502337664
2019-02-05 15:00:00,3157.07,3215.889987872964
2019-02-05 16:00:00,3000.68,3215.9129931537605
2019-02-05 17:00:00,3048.27,3215.889987872964
2019-02-05 18:00:00,3278.59,3111.2616182379447
2019-02-05 19:00:00,3396.32,2825.086428876673
2019-02-05 20:00:00,3332.75,2287.644148571218
2019-02-05 21:00:00,2930.99,2227.7940463880877
2019-02-05 22:00:00,2722.18,2106.219995667112
2019-02-05 23:00:00,2292.58,2083.445097236351
2019-02-06 00:00:00,1910.73,1954.992760626985
2019-02-06 01:00:00,1671.27,1803.0296387731873
2019-02-06 02:00:00,1571.14,1753.7873601662031
2019-02-06 03:00:00,1509.21,1731.9473638349625
2019-02-06 04:00:00,1521.46,1871.3160439466901
2019-02-06 05:00:00,1751.25,1988.5298305421968
2019-02-06 06:00:00,2502.78,2253.027409920719
2019-02-06 07:00:00,3432.72,2596.351138298222
2019-02-06 08:00:00,3894.78,2581.0074138175146
2019-02-06 09:00:00,3861.88,2678.9029634526282
2019-02-06 10:00:00,4075.84,2898.5251002418045
2019-02-06 11:00:00,3984.68,3068.260884255547
2019-02-06 12:00:00,3698.1,3078.2922472584646
2019-02-06 13:00:00,3323.04,3179.921004016177
2019-02-06 14:00:00,3146.43,3181.423639953884
2019-02-06 15:00:00,3135.28,3042.727054220311
2019-02-06 16:00:00,2992.32,3056.1497932239663
2019-02-06 17:00:00,3071.37,3010.7504263696133
2019-02-06 18:00:00,3315.32,2881.889166096201
2019-02-06 19:00:00,3434.9,2597.2396179534326
2019-02-06 20:00:00,3297.56,2412.2512993304713
2019-02-06 21:00:00,2855.92,2216.3997001704984
2019-02-06 22:00:00,2625.08,2130.0180773744232
2019-02-06 23:00:00,2280.86,2107.2431789436623
2019-02-07 00:00:00,1901.5,1943.5984144093957
2019-02-07 01:00:00,1681.68,1791.635292555598
2019-02-07 02:00:00,1551.56,1742.3930139486138
2019-02-07 03:00:00,1610.71,1720.5530176173731
2019-02-07 04:00:00,1627.25,1859.9216977291007
2019-02-07 05:00:00,1800.63,1977.1354843246081
2019-02-07 06:00:00,2467.36,2241.788976202969
2019-02-07 07:00:00,3330.6,2596.351138298222
2019-02-07 08:00:00,3531.68,2581.0074138175146
2019-02-07 09:00:00,3714.35,2661.100594631145
2019-02-07 10:00:00,4013.3,2789.3627061385823
2019-02-07 11:00:00,3956.15,2897.553964452757
2019-02-07 12:00:00,3773.45,2980.672674030845
2019-02-07 13:00:00,3444.83,2967.1734274453956
2019-02-07 14:00:00,3275.37,3044.7771739147397
2019-02-07 15:00:00,3220.5,2991.7710703653897
2019-02-07 16:00:00,3143.9,2991.7710703653897
2019-02-07 17:00:00,3087.45,2991.7710703653897
2019-02-07 18:00:00,3270.0,2749.478790783585
2019-02-07 19:00:00,3229.09,2499.620044725813
2019-02-07 20:00:00,3182.73,2301.6718879168407
2019-02-07 21:00:00,2884.01,2183.424035226212
2019-02-07 22:00:00,2616.7,2120.2477350127347
2019-02-07 23:00:00,2288.74,2097.4728365819738
2019-02-08 00:00:00,1918.67,1969.020499972607
2019-02-08 01:00:00,1677.39,1817.057378118809
2019-02-08 02:00:00,1562.17,1767.8150995118249
2019-02-08 03:00:00,1517.31,1745.9751031805843
2019-02-08 04:00:00,1529.26,1926.8237731283893
2019-02-08 05:00:00,1724.41,2044.0375597238963
2019-02-08 06:00:00,2466.84,2308.691051602258
2019-02-08 07:00:00,3401.26,2663.253213697511
2019-02-08 08:00:00,3880.36,2647.9094892168036
2019-02-08 09:00:00,3974.37,2669.534246930844
2019-02-08 10:00:00,4174.23,2789.3627061385823
2019-02-08 11:00:00,4094.12,3058.0340188720256
2019-02-08 12:00:00,3940.82,3180.413577192195
2019-02-08 13:00:00,3502.58,3238.5453944812975
2019-02-08 14:00:00,3221.72,3283.983306802785
2019-02-08 15:00:00,3110.35,3308.580949722779
2019-02-08 16:00:00,2992.56,3308.580949722779
2019-02-08 17:00:00,3047.15,3185.5392909319476
2019-02-08 18:00:00,3285.45,2967.4568967077394
2019-02-08 19:00:00,3433.73,2659.200400142469
2019-02-08 20:00:00,3304.3,2301.6718879168407
2019-02-08 21:00:00,2976.41,2371.0558968870278
2019-02-08 22:00:00,2728.24,2307.8795966735506
2019-02-08 23:00:00,2358.58,2067.126592318635
2019-02-09 00:00:00,2004.59,1972.4190080913563
2019-02-09 01:00:00,1756.82,1828.1911236915473
2019-02-09 02:00:00,1627.67,1736.3328339452034
2019-02-09 03:00:00,1553.99,1728.8036829016091
2019-02-09 04:00:00,1555.39,1860.5304055568458
2019-02-09 05:00:00,1705.53,1965.4366914906177
2019-02-09 06:00:00,2125.49,2215.177533137926
2019-02-09 07:00:00,2837.23,2569.7396952331787
2019-02-09 08:00:00,3497.31,2554.3959707524714
2019-02-09 09:00:00,3680.21,2610.457719034787
2019-02-09 10:00:00,4010.14,2861.058029930941
2019-02-09 11:00:00,3889.33,2933.952270252931
2019-02-09 12:00:00,3614.38,3019.1846877701037
2019-02-09 13:00:00,3261.8,3072.415240147781
2019-02-09 14:00:00,2941.47,3117.876157750065
2019-02-09 15:00:00,2853.19,3131.2273916505433
2019-02-09 16:00:00,2763.43,3142.473800670059
2019-02-09 17:00:00,2804.4,3097.0358883485715
2019-02-09 18:00:00,3058.92,2801.349747655019
2019-02-09 19:00:00,3287.2,2528.312399048803
2019-02-09 20:00:00,3096.84,2170.7838868231747
2019-02-09 21:00:00,2814.22,2088.0086554361983
2019-02-09 22:00:00,2566.02,2069.789759204608
2019-02-09 23:00:00,2278.79,2047.0148607738479
2019-02-10 00:00:00,1911.64,1918.5625241644802
2019-02-10 01:00:00,1687.62,1802.1892253548779
2019-02-10 02:00:00,1556.44,1752.946946747893
2019-02-10 03:00:00,1489.96,1748.806031853293
2019-02-10 04:00:00,1489.75,1804.556847793451
2019-02-10 05:00:00,1605.78,1862.428497267623
2019-02-10 06:00:00,1957.78,2023.3232052368394
2019-02-10 07:00:00,2543.29,2375.687090176391
2019-02-10 08:00:00,3372.77,2360.3433656956836
2019-02-10 09:00:00,3645.7,2416.405113977999
2019-02-10 10:00:00,3964.21,2448.1488253225984
2019-02-10 11:00:00,3973.11,2751.10472423385
2019-02-10 12:00:00,3660.99,2924.587998456858
2019-02-10 13:00:00,3287.53,2900.2378096459875
2019-02-10 14:00:00,3065.32,2900.2378096459875
2019-02-10 15:00:00,2788.55,2879.3745349636974
2019-02-10 16:00:00,2708.26,2803.296429712857
2019-02-10 17:00:00,2717.64,2803.296429712857
2019-02-10 18:00:00,2924.75,2365.733293626787
2019-02-10 19:00:00,3060.78,2311.976549091767
2019-02-10 20:00:00,2946.43,2059.2819756315835
2019-02-10 21:00:00,2683.43,2193.359843962517
2019-02-10 22:00:00,2465.56,1977.1512825400741
2019-02-10 23:00:00,2194.67,1997.738200009024
2019-02-11 00:00:00,1822.31,1869.2858633996561
2019-02-11 01:00:00,1630.1,1725.0579789998474
2019-02-11 02:00:00,1474.43,1675.8157003928625
2019-02-11 03:00:00,1441.65,1688.5526198701264
2019-02-11 04:00:00,1398.15,1827.9212999818537
2019-02-11 05:00:00,1606.62,1986.6150764134375
2019-02-11 06:00:00,2333.0,2251.268568291799
2019-02-11 07:00:00,3416.27,2611.683689793411
2019-02-11 08:00:00,3703.12,2596.3399653127035
2019-02-11 09:00:00,3655.47,2617.9647230267437
2019-02-11 10:00:00,3902.27,2946.0529087322248
2019-02-11 11:00:00,3851.19,3174.459440851454
2019-02-11 12:00:00,3614.85,3277.7602558173826
2019-02-11 13:00:00,3237.4,3253.4100670065122
2019-02-11 14:00:00,3033.79,3253.4100670065122
2019-02-11 15:00:00,2950.36,3294.5532103771566
2019-02-11 16:00:00,2914.14,3294.5532103771566
2019-02-11 17:00:00,2970.19,3294.5532103771566
2019-02-11 18:00:00,3142.76,2953.4291573621167
2019-02-11 19:00:00,3375.41,2643.670024859139
2019-02-11 20:00:00,3174.94,2287.644148571218
2019-02-11 21:00:00,2847.8,2387.3744018047437
2019-02-11 22:00:00,2617.99,2106.219995667112
2019-02-11 23:00:00,2280.37,2083.445097236351
2019-02-12 00:00:00,1890.27,1954.992760626985
2019-02-12 01:00:00,1660.94,1803.0296387731873
2019-02-12 02:00:00,1550.84,1753.7873601662031
2019-02-12 03:00:00,1498.56,1731.9473638349625
2019-02-12 04:00:00,1501.44,1871.3160439466901
2019-02-12 05:00:00,1698.35,1988.5298305421968
2019-02-12 06:00:00,2433.91,2253.1833224205584
2019-02-12 07:00:00,3415.59,2607.7454845158113
2019-02-12 08:00:00,3662.45,2592.401760035104
2019-02-12 09:00:00,3760.92,2655.5065075852212
2019-02-12 10:00:00,3926.87,2810.125768877956
2019-02-12 11:00:00,3950.12,3274.419871070213
2019-02-12 12:00:00,3716.68,3289.427496637404
2019-02-12 13:00:00,3326.63,3269.9555674571625
2019-02-12 14:00:00,3150.48,3192.8179861714734
2019-02-12 15:00:00,3143.95,3217.4156290914675
2019-02-12 16:00:00,3049.95,3296.0558463148636
2019-02-12 17:00:00,3006.73,3296.0558463148636
2019-02-12 18:00:00,3156.47,3065.823705916457
2019-02-12 19:00:00,3336.69,2703.570411304345
2019-02-12 20:00:00,3191.82,2287.644148571218
2019-02-12 21:00:00,2834.91,2192.103545300479
2019-02-12 22:00:00,2609.02,2106.219995667112
2019-02-12 23:00:00,2240.99,2083.445097236351
2019-02-13 00:00:00,1846.88,1954.992760626985
2019-02-13 01:00:00,1634.06,1803.0296387731873
2019-02-13 02:00:00,1529.68,1753.7873601662031
2019-02-13 03:00:00,1482.99,1731.9473638349625
2019-02-13 04:00:00,1505.32,1871.3160439466901
2019-02-13 05:00:00,1710.0,1988.5298305421968
2019-02-13 06:00:00,2457.38,2253.027409920719
2019-02-13 07:00:00,3357.02,2596.351138298222
2019-02-13 08:00:00,3683.38,2581.0074138175146
2019-02-13 09:00:00,3737.62,2644.112161367632
2019-02-13 10:00:00,3937.72,3199.4163121561796
2019-02-13 11:00:00,3847.8,3275.945922869079
2019-02-13 12:00:00,3630.02,3273.5631037627295
2019-02-13 13:00:00,3271.09,3179.921004016177
2019-02-13 14:00:00,3058.74,3016.62677536261
2019-02-13 15:00:00,3017.17,3054.6471572862592
2019-02-13 16:00:00,2904.82,3204.518646936171
2019-02-13 17:00:00,2956.43,3204.4956416553746
2019-02-13 18:00:00,3165.57,3099.8672720203554
2019-02-13 19:00:00,3293.21,2813.71508793988
2019-02-13 20:00:00,3129.84,2412.2512993304713
2019-02-13 21:00:00,2760.07,2511.981552563997
2019-02-13 22:00:00,2582.9,2152.725326794313
2019-02-13 23:00:00,2206.33,2072.0507510187617
2019-02-14 00:00:00,1845.06,1943.5984144093957
2019-02-14 01:00:00,1636.8,1791.635292555598
2019-02-14 02:00:00,1524.72,1742.3930139486138
2019-02-14 03:00:00,1467.67,1720.5530176173731
2019-02-14 04:00:00,1481.63,1859.9216977291007
2019-02-14 05:00:00,1673.88,1977.1354843246081
2019-02-14 06:00:00,2377.92,2241.788976202969
2019-02-14 07:00:00,3203.93,2596.351138298222
2019-02-14 08:00:00,3582.71,2581.0074138175146
2019-02-14 09:00:00,3519.84,2661.100594631145
2019-02-14 10:00:00,3857.44,2789.3627061385823
2019-02-14 11:00:00,3805.98,2897.553964452757
2019-02-14 12:00:00,3679.11,3058.276420500189
2019-02-14 13:00:00,3284.79,3044.7771739147397
2019-02-14 14:00:00,3172.19,3090.2150862362273
2019-02-14 15:00:00,3120.6,3114.8127291562214
2019-02-14 16:00:00,2992.15,3114.8127291562214
2019-02-14 17:00:00,3073.06,3114.8127291562214
2019-02-14 18:00:00,3191.14,2907.311251659413
2019-02-14 19:00:00,3331.76,2441.2222942183143
2019-02-14 20:00:00,3163.28,2301.6718879168407
2019-02-14 21:00:00,2844.35,2183.424035226212
2019-02-14 22:00:00,2574.91,2120.2477350127347
2019-02-14 23:00:00,2242.19,2097.4728365819738
2019-02-15 00:00:00,1857.39,1969.020499972607
2019-02-15 01:00:00,1659.18,1817.057378118809
2019-02-15 02:00:00,1551.47,1767.8150995118249
2019-02-15 03:00:00,1492.78,1745.9751031805843
2019-02-15 04:00:00,1506.23,1885.3437832923123
2019-02-15 05:00:00,1696.44,2002.55756988782
2019-02-15 06:00:00,2404.98,2267.211061766181
2019-02-15 07:00:00,3349.5,2621.773223861434
2019-02-15 08:00:00,3798.69,2606.4294993807266
2019-02-15 09:00:00,3860.65,2669.534246930844
2019-02-15 10:00:00,4048.19,2923.9471858050165
2019-02-15 11:00:00,3986.82,3288.953826323024
2019-02-15 12:00:00,3827.19,3298.9851893259415
2019-02-15 13:00:00,3455.11,3285.485942740492
2019-02-15 14:00:00,3176.2,3090.2150862362273
2019-02-15 15:00:00,3148.25,3114.8127291562214
2019-02-15 16:00:00,3026.24,3114.8127291562214
2019-02-15 17:00:00,3033.6,2991.7710703653897
2019-02-15 18:00:00,3211.17,2749.478790783585
2019-02-15 19:00:00,3363.59,2441.2222942183143
2019-02-15 20:00:00,3186.95,2301.6718879168407
2019-02-15 21:00:00,2871.72,2153.077790962873
2019-02-15 22:00:00,2619.08,2089.901490749396
2019-02-15 23:00:00,2288.67,2067.126592318635
2019-02-16 00:00:00,1888.08,1930.9390182552802
2019-02-16 01:00:00,1684.56,1786.7111338554707
2019-02-16 02:00:00,1566.11,1694.8528441091264
2019-02-16 03:00:00,1494.29,1728.8036829016091
2019-02-16 04:00:00,1519.44,1860.5304055568458
2019-02-16 05:00:00,1692.12,1965.4366914906177
2019-02-16 06:00:00,2226.92,2215.177533137926
2019-02-16 07:00:00,3038.85,2569.7396952331787
2019-02-16 08:00:00,3458.72,2554.3959707524714
2019-02-16 09:00:00,3638.53,2610.457719034787
2019-02-16 10:00:00,3833.35,2665.787173426676
2019-02-16 11:00:00,3728.9,2739.1876296558544
2019-02-16 12:00:00,3563.05,2779.7747228931285
2019-02-16 13:00:00,3214.35,2801.0662783926755
2019-02-16 14:00:00,2952.43,2924.107937183507
2019-02-16 15:00:00,2912.36,2903.2676677820136
2019-02-16 16:00:00,2739.78,2903.2676677820136
2019-02-16 17:00:00,2837.25,2903.2676677820136
2019-02-16 18:00:00,2991.57,2583.3716417308647
2019-02-16 19:00:00,3202.39,2310.3342931246484
2019-02-16 20:00:00,3005.23,2170.7838868231747
2019-02-16 21:00:00,2752.42,2088.0086554361983
2019-02-16 22:00:00,2527.31,2069.789759204608
2019-02-16 23:00:00,2230.23,2047.0148607738479
2019-02-17 00:00:00,1841.19,1918.5625241644802
2019-02-17 01:00:00,1614.42,1802.1892253548779
2019-02-17 02:00:00,1489.57,1752.946946747893
2019-02-17 03:00:00,1429.41,1748.806031853293
2019-02-17 04:00:00,1438.76,1804.556847793451
2019-02-17 05:00:00,1561.31,1862.428497267623
2019-02-17 06:00:00,1906.5,2023.3232052368394
2019-02-17 07:00:00,2471.5,2375.687090176391
2019-02-17 08:00:00,3197.63,2360.3433656956836
2019-02-17 09:00:00,3526.91,2416.405113977999
2019-02-17 10:00:00,3973.96,2448.1488253225984
2019-02-17 11:00:00,3925.01,2851.404617722476
2019-02-17 12:00:00,3737.51,2919.709738826229
2019-02-17 13:00:00,3331.58,2706.4695890794296
2019-02-17 14:00:00,3018.34,2900.2378096459875
2019-02-17 15:00:00,2747.1,2924.812447285185
2019-02-17 16:00:00,2569.32,2924.812447285185
2019-02-17 17:00:00,2581.94,2926.3380885036886
2019-02-17 18:00:00,2834.29,2696.105948105282
2019-02-17 19:00:00,2999.52,2313.5021903102706
2019-02-17 20:00:00,2871.56,2059.2819756315835
2019-02-17 21:00:00,2666.0,1998.0889874582538
2019-02-17 22:00:00,2447.25,1954.4440331201845
2019-02-17 23:00:00,2110.63,1997.738200009024
2019-02-18 00:00:00,1795.49,1869.2858633996561
2019-02-18 01:00:00,1567.69,1725.0579789998474
2019-02-18 02:00:00,1458.73,1675.8157003928625
2019-02-18 03:00:00,1405.19,1688.5526198701264
2019-02-18 04:00:00,1415.34,1827.9212999818537
2019-02-18 05:00:00,1639.95,1945.1350865773609
2019-02-18 06:00:00,2312.26,2209.788578455722
2019-02-18 07:00:00,3294.9,2570.203699957334
2019-02-18 08:00:00,3587.68,2554.8599754766265
2019-02-18 09:00:00,3617.99,2617.9647230267437
2019-02-18 10:00:00,3808.64,3189.38689829249
2019-02-18 11:00:00,3645.83,3275.6730282666467
2019-02-18 12:00:00,3454.7,3277.7602558173826
2019-02-18 13:00:00,3037.5,3152.493852855634
2019-02-18 14:00:00,2938.73,3039.7715432695336
2019-02-18 15:00:00,2902.3,3215.9129931537605
2019-02-18 16:00:00,2800.24,3294.5532103771566
2019-02-18 17:00:00,2848.18,3296.0558463148636
2019-02-18 18:00:00,3051.21,3111.2616182379447
2019-02-18 19:00:00,3202.07,2825.086428876673
2019-02-18 20:00:00,3043.98,2423.6456455480607
2019-02-18 21:00:00,2716.16,2305.397792857432
2019-02-18 22:00:00,2499.16,2106.219995667112
2019-02-18 23:00:00,2051.69,2083.445097236351
2019-02-19 00:00:00,1824.99,1954.992760626985
2019-02-19 01:00:00,1610.06,1803.0296387731873
2019-02-19 02:00:00,1511.76,1753.7873601662031
2019-02-19 03:00:00,1448.6,1731.9473638349625
2019-02-19 04:00:00,1473.44,1871.3160439466901
2019-02-19 05:00:00,1657.24,1988.5298305421968
2019-02-19 06:00:00,2269.66,2253.1833224205584
2019-02-19 07:00:00,3187.64,2607.7454845158113
2019-02-19 08:00:00,3571.6,2592.401760035104
2019-02-19 09:00:00,3692.16,2655.5065075852212
2019-02-19 10:00:00,3903.77,2810.125768877956
2019-02-19 11:00:00,3735.17,3274.926086977401
2019-02-19 12:00:00,3492.69,3284.957449980319
2019-02-19 13:00:00,3151.37,3191.29234495297
2019-02-19 14:00:00,2940.29,3191.3153502337664
2019-02-19 15:00:00,2946.35,3215.9129931537605
2019-02-19 16:00:00,2792.14,3215.9129931537605
2019-02-19 17:00:00,2929.01,3296.0558463148636
2019-02-19 18:00:00,3113.78,3109.7589823002377
2019-02-19 19:00:00,3236.09,2826.6120700951765
2019-02-19 20:00:00,3004.28,2423.6456455480607
2019-02-19 21:00:00,2723.87,2305.397792857432
2019-02-19 22:00:00,2464.89,2141.4124235920126
2019-02-19 23:00:00,2166.47,2083.445097236351
2019-02-20 00:00:00,1810.92,1990.1851885518843
2019-02-20 01:00:00,1624.0,1838.2220666980872
2019-02-20 02:00:00,1525.98,1753.7873601662031
2019-02-20 03:00:00,1455.43,1731.9473638349625
2019-02-20 04:00:00,1474.88,1871.3160439466901
2019-02-20 05:00:00,1621.94,1988.5298305421968
2019-02-20 06:00:00,2267.67,2253.027409920719
2019-02-20 07:00:00,3163.91,2596.351138298222
2019-02-20 08:00:00,3474.38,2581.0074138175146
2019-02-20 09:00:00,3623.49,2678.9029634526282
2019-02-20 10:00:00,3813.52,2798.7314226603667
2019-02-20 11:00:00,3817.79,3068.260884255547
2019-02-20 12:00:00,3529.63,3078.2922472584646
2019-02-20 13:00:00,3299.82,3064.7930006730153
2019-02-20 14:00:00,3043.78,3064.7930006730153
2019-02-20 15:00:00,3027.28,3089.3906435930094
2019-02-20 16:00:00,2970.02,3089.3906435930094
2019-02-20 17:00:00,2990.34,3089.3906435930094
2019-02-20 18:00:00,3150.27,2836.451253774713
2019-02-20 19:00:00,3262.82,2769.7798115560995
2019-02-20 20:00:00,3092.41,2412.2512993304713
2019-02-20 21:00:00,2766.65,2158.001949663
2019-02-20 22:00:00,2510.46,2094.8256494495226
2019-02-20 23:00:00,2196.36,2072.0507510187617
2019-02-21 00:00:00,1847.45,1943.5984144093957
2019-02-21 01:00:00,1565.77,1791.635292555598
2019-02-21 02:00:00,1507.28,1742.3930139486138
2019-02-21 03:00:00,1479.07,1778.9507681248715
2019-02-21 04:00:00,1482.53,1859.9216977291007
2019-02-21 05:00:00,1663.15,1977.1354843246081
2019-02-21 06:00:00,2281.3,2241.788976202969
2019-02-21 07:00:00,3170.96,2596.351138298222
2019-02-21 08:00:00,3508.97,2581.0074138175146
2019-02-21 09:00:00,3563.22,2795.6850742975794
2019-02-21 10:00:00,3819.04,3146.1981804959955
2019-02-21 11:00:00,3670.21,3227.6060508395235
2019-02-21 12:00:00,3476.9,3169.3841389319605
2019-02-21 13:00:00,3148.93,3034.498745835144
2019-02-21 14:00:00,2964.85,2945.290414914318
2019-02-21 15:00:00,2947.2,2969.888057834312
2019-02-21 16:00:00,2917.12,2969.888057834312
2019-02-21 17:00:00,2951.33,3068.149139783523
2019-02-21 18:00:00,3093.72,3093.3648309459886
2019-02-21 19:00:00,3237.09,2808.7152828032204
2019-02-21 20:00:00,3081.63,2483.111297215171
2019-02-21 21:00:00,2708.25,2582.8415504486966
2019-02-21 22:00:00,2506.61,2470.2152251485445
2019-02-21 23:00:00,2156.08,2196.212252299033
2019-02-22 00:00:00,1847.25,2067.759915689665
2019-02-22 01:00:00,1651.12,1892.5488126264745
2019-02-22 02:00:00,1541.71,1876.5565025140852
2019-02-22 03:00:00,1484.67,1804.3728536880826
2019-02-22 04:00:00,1500.59,1943.741533799811
2019-02-22 05:00:00,1672.88,2060.955320395318
2019-02-22 06:00:00,2320.88,2267.211061766181
2019-02-22 07:00:00,3239.37,2621.773223861434
2019-02-22 08:00:00,3549.11,2641.220301465723
2019-02-22 09:00:00,3663.02,2704.3250490158402
2019-02-22 10:00:00,3825.32,2923.9471858050165
2019-02-22 11:00:00,3767.94,3093.682969818759
2019-02-22 12:00:00,3661.85,3103.7143328216766
2019-02-22 13:00:00,3289.45,3090.2150862362273
2019-02-22 14:00:00,3021.23,3232.4608008329683
2019-02-22 15:00:00,2904.77,3231.44336843709
2019-02-22 16:00:00,2852.82,3229.9177272185866
2019-02-22 17:00:00,2882.36,3308.580949722779
2019-02-22 18:00:00,2974.73,3079.85144526208
2019-02-22 19:00:00,3220.26,2716.0955147122604
2019-02-22 20:00:00,3087.42,2324.3791373367303
2019-02-22 21:00:00,2679.4,2371.0558968870278
2019-02-22 22:00:00,2453.76,2112.6087401692857
2019-02-22 23:00:00,2153.73,2067.126592318635
2019-02-23 00:00:00,1849.63,1953.6462676751698
2019-02-23 01:00:00,1658.36,1809.4183832753604
2019-02-23 02:00:00,1549.05,1694.8528441091264
2019-02-23 03:00:00,1504.24,1751.5109323214988
2019-02-23 04:00:00,1509.17,1860.5304055568458
2019-02-23 05:00:00,1649.07,1965.4366914906177
2019-02-23 06:00:00,2135.91,2215.177533137926
2019-02-23 07:00:00,2897.42,2569.7396952331787
2019-02-23 08:00:00,3369.09,2554.3959707524714
2019-02-23 09:00:00,3448.97,2797.721161424702
2019-02-23 10:00:00,3634.06,2891.805248651485
2019-02-23 11:00:00,3552.96,3086.3354075664492
2019-02-23 12:00:00,3307.58,3142.2263465609353
2019-02-23 13:00:00,3002.3,3117.876157750065
2019-02-23 14:00:00,2734.22,3117.876157750065
2019-02-23 15:00:00,2607.31,3142.473800670059
2019-02-23 16:00:00,2613.23,3142.473800670059
2019-02-23 17:00:00,2604.11,3142.473800670059
2019-02-23 18:00:00,2860.18,2912.218654990856
2019-02-23 19:00:00,3041.64,2585.2075136185945
2019-02-23 20:00:00,2898.97,2193.4911362430644
2019-02-23 21:00:00,2579.34,2304.4611201418493
2019-02-23 22:00:00,2348.59,2287.7678651287624
2019-02-23 23:00:00,2099.39,2047.0148607738479
2019-02-24 00:00:00,1768.62,1918.5625241644802
2019-02-24 01:00:00,1582.95,1802.1892253548779
2019-02-24 02:00:00,1470.36,1752.946946747893
2019-02-24 03:00:00,1413.67,1748.806031853293
2019-02-24 04:00:00,1417.89,1804.556847793451
2019-02-24 05:00:00,1533.77,1862.428497267623
2019-02-24 06:00:00,1871.79,2023.3232052368394
2019-02-24 07:00:00,2416.0,2375.687090176391
2019-02-24 08:00:00,3017.51,2360.3433656956836
2019-02-24 09:00:00,3349.09,2416.405113977999
2019-02-24 10:00:00,3681.15,2782.410929488215
2019-02-24 11:00:00,3665.11,2965.0323872469357
2019-02-24 12:00:00,3474.0,2924.587998456858
2019-02-24 13:00:00,3137.24,2900.2378096459875
2019-02-24 14:00:00,2797.41,2807.0568329490975
2019-02-24 15:00:00,2585.47,2831.654475869092
2019-02-24 16:00:00,2486.82,2910.294693092488
2019-02-24 17:00:00,2511.62,2924.8354525659815
2019-02-24 18:00:00,2654.15,2694.603312167575
2019-02-24 19:00:00,2912.07,2370.397304880062
2019-02-24 20:00:00,2798.32,2059.2819756315835
2019-02-24 21:00:00,2517.76,2191.8342027440135
2019-02-24 22:00:00,2333.74,2172.4221390443367
2019-02-24 23:00:00,2036.29,1997.738200009024
2019-02-25 00:00:00,1719.56,1891.9931128195458
2019-02-25 01:00:00,1525.71,1725.0579789998474
2019-02-25 02:00:00,1426.55,1675.8157003928625
2019-02-25 03:00:00,1403.06,1688.5526198701264
2019-02-25 04:00:00,1406.7,1827.9212999818537
2019-02-25 05:00:00,1601.86,1945.1350865773609
2019-02-25 06:00:00,2250.04,2209.788578455722
2019-02-25 07:00:00,3184.78,2570.203699957334
2019-02-25 08:00:00,3393.87,2554.8599754766265
2019-02-25 09:00:00,3459.76,2840.0189675016554
2019-02-25 10:00:00,3597.36,3194.2651579231187
2019-02-25 11:00:00,3565.03,3275.6730282666467
2019-02-25 12:00:00,3318.55,3180.138392120482
2019-02-25 13:00:00,3072.66,3045.1780726663055
2019-02-25 14:00:00,2880.27,3174.769849783116
2019-02-25 15:00:00,2854.68,3196.931346680256
2019-02-25 16:00:00,2808.77,3196.931346680256
2019-02-25 17:00:00,2826.9,3294.53020509636
2019-02-25 18:00:00,3013.26,3109.7589823002377
2019-02-25 19:00:00,3089.25,2702.0677753666378
2019-02-25 20:00:00,2900.39,2287.644148571218
2019-02-25 21:00:00,2592.12,2387.3744018047437
2019-02-25 22:00:00,2411.39,2324.1981015912665
2019-02-25 23:00:00,2060.72,2083.445097236351
2019-02-26 00:00:00,1731.72,2172.9708665511375
2019-02-26 01:00:00,1554.07,2088.916189250004
2019-02-26 02:00:00,1481.13,1753.7873601662031
2019-02-26 03:00:00,1431.61,2058.513621999707
2019-02-26 04:00:00,1439.04,2197.882302111436
2019-02-26 05:00:00,1617.14,1988.5298305421968
2019-02-26 06:00:00,2132.16,2253.1833224205584
2019-02-26 07:00:00,3109.23,2607.7454845158113
2019-02-26 08:00:00,3557.06,2592.401760035104
2019-02-26 09:00:00,3529.12,2846.7337807250337
2019-02-26 10:00:00,3713.26,2979.890850922771
2019-02-26 11:00:00,3652.59,3195.883200932733
2019-02-26 12:00:00,3461.25,3248.8678439465452
2019-02-26 13:00:00,2956.05,3269.9555674571625
2019-02-26 14:00:00,2996.77,3269.932562176366
2019-02-26 15:00:00,2791.93,3294.5532103771566
2019-02-26 16:00:00,2839.48,3249.115298055669
2019-02-26 17:00:00,2937.71,2942.9525289347707
2019-02-26 18:00:00,3104.38,2953.4291573621167
2019-02-26 19:00:00,3257.31,2703.570411304345
2019-02-26 20:00:00,3093.89,2287.644148571218
2019-02-26 21:00:00,2748.41,2387.3744018047437
2019-02-26 22:00:00,2522.95,2128.9272450870017
2019-02-26 23:00:00,2146.37,2083.445097236351
2019-02-27 00:00:00,1791.62,1977.7000100468738
2019-02-27 01:00:00,1598.15,1825.736888193077
2019-02-27 02:00:00,1502.84,1753.7873601662031
2019-02-27 03:00:00,1445.95,1731.9473638349625
2019-02-27 04:00:00,1462.48,1871.3160439466901
2019-02-27 05:00:00,1651.84,1988.5298305421968
2019-02-27 06:00:00,2305.22,2253.027409920719
2019-02-27 07:00:00,3239.66,2596.351138298222
2019-02-27 08:00:00,3603.22,2581.0074138175146
2019-02-27 09:00:00,3686.21,2644.112161367632
2019-02-27 10:00:00,3844.1,2763.9406205753703
2019-02-27 11:00:00,3824.45,2837.3410768045487
2019-02-27 12:00:00,3597.95,3154.991491628983
2019-02-27 13:00:00,3336.19,3213.1233089180855
2019-02-27 14:00:00,3056.17,3214.6259448557926
2019-02-27 15:00:00,3006.75,3237.7209518380796
2019-02-27 16:00:00,2904.93,3237.7209518380796
2019-02-27 17:00:00,2924.06,3237.697946557283
2019-02-27 18:00:00,3182.14,2940.5321752068203
2019-02-27 19:00:00,3303.14,2632.27567864155
2019-02-27 20:00:00,3113.92,2276.2498023536286
2019-02-27 21:00:00,2764.37,2375.9800555871543
2019-02-27 22:00:00,2537.76,2117.5328988694123
2019-02-27 23:00:00,2181.91,2072.0507510187617
2019-02-28 00:00:00,1833.26,1943.5984144093957
2019-02-28 01:00:00,1617.09,1791.635292555598
2019-02-28 02:00:00,1515.02,1742.3930139486138
2019-02-28 03:00:00,1462.96,1720.5530176173731
2019-02-28 04:00:00,1483.55,1859.9216977291007
2019-02-28 05:00:00,1617.61,2018.6154741606847
2019-02-28 06:00:00,2270.07,2283.268966039046
2019-02-28 07:00:00,3180.98,2637.831128134299
2019-02-28 08:00:00,3572.81,2622.4874036535916
2019-02-28 09:00:00,3639.06,2661.100594631145
2019-02-28 10:00:00,3821.49,2976.6261485284977
2019-02-28 11:00:00,3739.57,3209.9109402783556
2019-02-28 12:00:00,3491.62,3308.3334956136555
2019-02-28 13:00:00,3128.28,3283.983306802785
2019-02-28 14:00:00,2950.82,3283.983306802785
2019-02-28 15:00:00,2926.48,3308.580949722779
2019-02-28 16:00:00,2880.66,3308.580949722779
2019-02-28 17:00:00,2919.07,3308.580949722779
2019-02-28 18:00:00,3096.51,3000.7450628550287
2019-02-28 19:00:00,3290.82,2657.6747589239653
2019-02-28 20:00:00,3098.94,2301.6718879168407
2019-02-28 21:00:00,2731.71,2399.8995052126593
2019-02-28 22:00:00,2530.74,2336.7001997183856
2019-02-28 23:00:00,2229.35,2097.4728365819738
